Using pre-set license
Built from 'trunk' branch; Version is '6000.0.3f1 (019aa96b6ed9) revision 105129'; Using compiler version '193933522'; Build Type 'Release'
OS: 'Windows 11  (10.0.26200) 64bit Core' Language: 'pl' Physical Memory: 16021 MB
BatchMode: 1, IsHumanControllingUs: 0, StartBugReporterOnCrash: 0, Is64bit: 1, IsPro: 1

COMMAND LINE ARGUMENTS:
C:\Program Files\Unity\Hub\Editor\6000.0.3f1\Editor\Unity.exe
-adb2
-batchMode
-noUpm
-name
AssetImportWorker0
-projectPath
C:/Users/trzos/repos/PP2/PP2_Interactor/PP2_Interactor
-logFile
Logs/AssetImportWorker0.log
-srvPort
58218
-job-worker-count
7
-background-job-worker-count
8
-asset-garbage-collectors
1
Successfully changed project path to: C:/Users/trzos/repos/PP2/PP2_Interactor/PP2_Interactor
C:/Users/trzos/repos/PP2/PP2_Interactor/PP2_Interactor
[UnityMemory] Configuration Parameters - Can be set up in boot.config
    "memorysetup-bucket-allocator-granularity=16"
    "memorysetup-bucket-allocator-bucket-count=8"
    "memorysetup-bucket-allocator-block-size=33554432"
    "memorysetup-bucket-allocator-block-count=8"
    "memorysetup-main-allocator-block-size=16777216"
    "memorysetup-thread-allocator-block-size=16777216"
    "memorysetup-gfx-main-allocator-block-size=16777216"
    "memorysetup-gfx-thread-allocator-block-size=16777216"
    "memorysetup-cache-allocator-block-size=4194304"
    "memorysetup-typetree-allocator-block-size=2097152"
    "memorysetup-profiler-bucket-allocator-granularity=16"
    "memorysetup-profiler-bucket-allocator-bucket-count=8"
    "memorysetup-profiler-bucket-allocator-block-size=33554432"
    "memorysetup-profiler-bucket-allocator-block-count=8"
    "memorysetup-profiler-allocator-block-size=16777216"
    "memorysetup-profiler-editor-allocator-block-size=1048576"
    "memorysetup-temp-allocator-size-main=16777216"
    "memorysetup-job-temp-allocator-block-size=2097152"
    "memorysetup-job-temp-allocator-block-size-background=1048576"
    "memorysetup-job-temp-allocator-reduction-small-platforms=262144"
    "memorysetup-allocator-temp-initial-block-size-main=262144"
    "memorysetup-allocator-temp-initial-block-size-worker=262144"
    "memorysetup-temp-allocator-size-background-worker=32768"
    "memorysetup-temp-allocator-size-job-worker=262144"
    "memorysetup-temp-allocator-size-preload-manager=33554432"
    "memorysetup-temp-allocator-size-nav-mesh-worker=65536"
    "memorysetup-temp-allocator-size-audio-worker=65536"
    "memorysetup-temp-allocator-size-cloud-worker=32768"
    "memorysetup-temp-allocator-size-gi-baking-worker=262144"
    "memorysetup-temp-allocator-size-gi-baking-worker=262144"
    "memorysetup-temp-allocator-size-gi-baking-worker=262144"
    "memorysetup-temp-allocator-size-gi-baking-worker=262144"
    "memorysetup-temp-allocator-size-gi-baking-worker=262144"
    "memorysetup-temp-allocator-size-gfx=262144"
Player connection [20628]  Target information:

Player connection [20628]  * "[IP] 172.23.128.1 [Port] 0 [Flags] 2 [Guid] 46067130 [EditorId] 46067130 [Version] 1048832 [Id] WindowsEditor(7,LTrzosLaptop) [Debug] 1 [PackageName] WindowsEditor [ProjectName] Editor" 

Player connection [20628]  * "[IP] 192.168.43.52 [Port] 0 [Flags] 2 [Guid] 46067130 [EditorId] 46067130 [Version] 1048832 [Id] WindowsEditor(7,LTrzosLaptop) [Debug] 1 [PackageName] WindowsEditor [ProjectName] Editor" 

Player connection [20628] Host joined multi-casting on [225.0.0.222:54997]...
Player connection [20628] Host joined alternative multi-casting on [225.0.0.222:34997]...
JobSystem: Creating JobQueue using job-worker-count value 7
Library Redirect Path: Library/
[PhysX] Initialized MultithreadedTaskDispatcher with 8 workers.
Refreshing native plugins compatible for Editor in 7.01 ms, found 4 plugins.
Preloading 0 native plugins for Editor in 0.00 ms.
Initialize engine version: 6000.0.3f1 (019aa96b6ed9)
[Subsystems] Discovering subsystems at path C:/Program Files/Unity/Hub/Editor/6000.0.3f1/Editor/Data/Resources/UnitySubsystems
[Subsystems] Discovering subsystems at path C:/Users/trzos/repos/PP2/PP2_Interactor/PP2_Interactor/Assets
GfxDevice: creating device client; kGfxThreadingModeNonThreaded
Direct3D:
    Version:  Direct3D 11.0 [level 11.1]
    Renderer: NVIDIA GeForce RTX 3060 Laptop GPU (ID=0x2520)
    Vendor:   NVIDIA
    VRAM:     5996 MB
    Driver:   32.0.15.8183
Initialize mono
Mono path[0] = 'C:/Program Files/Unity/Hub/Editor/6000.0.3f1/Editor/Data/Managed'
Mono path[1] = 'C:/Program Files/Unity/Hub/Editor/6000.0.3f1/Editor/Data/MonoBleedingEdge/lib/mono/unityjit-win32'
Mono config path = 'C:/Program Files/Unity/Hub/Editor/6000.0.3f1/Editor/Data/MonoBleedingEdge/etc'
Using monoOptions --debugger-agent=transport=dt_socket,embedding=1,server=y,suspend=n,address=127.0.0.1:56796
Begin MonoManager ReloadAssembly
Registering precompiled unity dll's ...
Register platform support module: C:/Program Files/Unity/Hub/Editor/6000.0.3f1/Editor/Data/PlaybackEngines/WebGLSupport/UnityEditor.WebGL.Extensions.dll
Register platform support module: C:/Program Files/Unity/Hub/Editor/6000.0.3f1/Editor/Data/PlaybackEngines/WindowsStandaloneSupport/UnityEditor.WindowsStandalone.Extensions.dll
Registered in 0.007511 seconds.
- Loaded All Assemblies, in  0.789 seconds
Native extension for WindowsStandalone target not found
Native extension for WebGL target not found
Mono: successfully reloaded assembly
- Finished resetting the current domain, in  0.826 seconds
Domain Reload Profiling: 1611ms
	BeginReloadAssembly (252ms)
		ExecutionOrderSort (0ms)
		DisableScriptedObjects (0ms)
		BackupInstance (0ms)
		ReleaseScriptingObjects (0ms)
		CreateAndSetChildDomain (2ms)
	RebuildCommonClasses (77ms)
	RebuildNativeTypeToScriptingClass (25ms)
	initialDomainReloadingComplete (101ms)
	LoadAllAssembliesAndSetupDomain (330ms)
		LoadAssemblies (247ms)
		RebuildTransferFunctionScriptingTraits (0ms)
		AnalyzeDomain (324ms)
			TypeCache.Refresh (320ms)
				TypeCache.ScanAssembly (296ms)
			BuildScriptInfoCaches (0ms)
			ResolveRequiredComponents (1ms)
	FinalizeReload (827ms)
		ReleaseScriptCaches (0ms)
		RebuildScriptCaches (0ms)
		SetupLoadedEditorAssemblies (707ms)
			LogAssemblyErrors (0ms)
			InitializePlatformSupportModulesInManaged (51ms)
			SetLoadedEditorAssemblies (11ms)
			BeforeProcessingInitializeOnLoad (13ms)
			ProcessInitializeOnLoadAttributes (311ms)
			ProcessInitializeOnLoadMethodAttributes (321ms)
			AfterProcessingInitializeOnLoad (0ms)
			EditorAssembliesLoaded (0ms)
		ExecutionOrderSort2 (0ms)
		AwakeInstancesAfterBackupRestoration (0ms)
========================================================================
Worker process is ready to serve import requests
Import Worker Mode flag is 0x00
Begin MonoManager ReloadAssembly
Symbol file LoadedFromMemory is not a mono symbol file
- Loaded All Assemblies, in  2.085 seconds
Refreshing native plugins compatible for Editor in 5.74 ms, found 4 plugins.
Native extension for WindowsStandalone target not found
Native extension for WebGL target not found
The project currently uses the compatibility mode where the Render Graph API is disabled. Support for this mode will be removed in future Unity versions. Migrate existing ScriptableRenderPasses to the new RenderGraph API. After the migration, disable the compatibility mode in Edit > Projects Settings > Graphics > Render Graph.
UnityEngine.Debug:ExtractStackTraceNoAlloc (byte*,int,string)
UnityEngine.StackTraceUtility:ExtractStackTrace ()
UnityEngine.DebugLogHandler:Internal_Log (UnityEngine.LogType,UnityEngine.LogOption,string,UnityEngine.Object)
UnityEngine.DebugLogHandler:LogFormat (UnityEngine.LogType,UnityEngine.Object,string,object[])
UnityEngine.Logger:Log (UnityEngine.LogType,object)
UnityEngine.Debug:LogWarning (object)
UnityEngine.Rendering.Universal.WarnUsingNonRenderGraph:EmitConsoleWarning () (at ./Library/PackageCache/com.unity.render-pipelines.universal/Runtime/Data/UniversalRenderPipelineAsset.cs:438)
System.Reflection.RuntimeMethodInfo:Invoke (object,System.Reflection.BindingFlags,System.Reflection.Binder,object[],System.Globalization.CultureInfo)
System.Reflection.MethodBase:Invoke (object,object[])
UnityEditor.EditorAssemblies:ProcessInitializeOnLoadMethodAttributes ()

(Filename: ./Library/PackageCache/com.unity.render-pipelines.universal/Runtime/Data/UniversalRenderPipelineAsset.cs Line: 438)

Mono: successfully reloaded assembly
- Finished resetting the current domain, in  1.949 seconds
Domain Reload Profiling: 4025ms
	BeginReloadAssembly (739ms)
		ExecutionOrderSort (0ms)
		DisableScriptedObjects (9ms)
		BackupInstance (0ms)
		ReleaseScriptingObjects (0ms)
		CreateAndSetChildDomain (58ms)
	RebuildCommonClasses (86ms)
	RebuildNativeTypeToScriptingClass (23ms)
	initialDomainReloadingComplete (71ms)
	LoadAllAssembliesAndSetupDomain (1157ms)
		LoadAssemblies (780ms)
		RebuildTransferFunctionScriptingTraits (0ms)
		AnalyzeDomain (580ms)
			TypeCache.Refresh (399ms)
				TypeCache.ScanAssembly (364ms)
			BuildScriptInfoCaches (147ms)
			ResolveRequiredComponents (28ms)
	FinalizeReload (1950ms)
		ReleaseScriptCaches (0ms)
		RebuildScriptCaches (0ms)
		SetupLoadedEditorAssemblies (1398ms)
			LogAssemblyErrors (0ms)
			InitializePlatformSupportModulesInManaged (6ms)
			SetLoadedEditorAssemblies (9ms)
			BeforeProcessingInitializeOnLoad (145ms)
			ProcessInitializeOnLoadAttributes (817ms)
			ProcessInitializeOnLoadMethodAttributes (410ms)
			AfterProcessingInitializeOnLoad (11ms)
			EditorAssembliesLoaded (0ms)
		ExecutionOrderSort2 (0ms)
		AwakeInstancesAfterBackupRestoration (12ms)
Launched and connected shader compiler UnityShaderCompiler.exe after 0.03 seconds
Refreshing native plugins compatible for Editor in 4.15 ms, found 4 plugins.
Preloading 0 native plugins for Editor in 0.00 ms.
Unloading 235 Unused Serialized files (Serialized files now loaded: 0)
Unloading 6779 unused Assets / (4.5 MB). Loaded Objects now: 7559.
Memory consumption went from 198.1 MB to 193.6 MB.
Total: 16.090800 ms (FindLiveObjects: 1.049300 ms CreateObjectMapping: 0.729600 ms MarkObjects: 10.069300 ms  DeleteObjects: 4.240900 ms)

========================================================================
Received Import Request.
  Time since last request: 337342.706028 seconds.
  path: Assets/Scripts/DiGraphEditor/WordVisualization/FreeRunStepPrefab.prefab
  artifactKey: Guid(ff0c89871c182714f8d571116a242d39) Importer(815301076,1909f56bfc062723c751e8b465ee728b)
Start importing Assets/Scripts/DiGraphEditor/WordVisualization/FreeRunStepPrefab.prefab using Guid(ff0c89871c182714f8d571116a242d39) Importer(815301076,1909f56bfc062723c751e8b465ee728b) (PreviewImporter)[PhysX] Initialized MultithreadedTaskDispatcher with 8 workers.
 -> (artifact id: '11b23af43799906b2d5a16d07a368a6a') in 0.1023463 seconds
Number of updated asset objects reloaded before import = 0Number of asset objects unloaded after import = 25

========================================================================
Received Import Request.
  Time since last request: 803.883106 seconds.
  path: Assets/Scenes
  artifactKey: Guid(109e9bdd0fcc649c5bc59085c35bdc83) Importer(815301076,1909f56bfc062723c751e8b465ee728b)
Start importing Assets/Scenes using Guid(109e9bdd0fcc649c5bc59085c35bdc83) Importer(815301076,1909f56bfc062723c751e8b465ee728b) (PreviewImporter)[PhysX] Initialized MultithreadedTaskDispatcher with 8 workers.
 -> (artifact id: '46b8aadc984a7633fb9653933e87e351') in 0.0010634 seconds
Number of updated asset objects reloaded before import = 0Number of asset objects unloaded after import = 0

========================================================================
Received Import Request.
  Time since last request: 8.408524 seconds.
  path: Assets/Scenes/CFGEditor.unity
  artifactKey: Guid(bbee7836c3e97ca4288c1c3d6d15fd12) Importer(815301076,1909f56bfc062723c751e8b465ee728b)
Start importing Assets/Scenes/CFGEditor.unity using Guid(bbee7836c3e97ca4288c1c3d6d15fd12) Importer(815301076,1909f56bfc062723c751e8b465ee728b) (PreviewImporter)[PhysX] Initialized MultithreadedTaskDispatcher with 8 workers.
 -> (artifact id: '4f124bb2a76b4afc975771c921d190dd') in 0.0008888 seconds
Number of updated asset objects reloaded before import = 0Number of asset objects unloaded after import = 0

========================================================================
Received Import Request.
  Time since last request: 22.249057 seconds.
  path: Assets/Scenes/DiGraphEditor.unity
  artifactKey: Guid(98e8a37cd5d6c4d4195446f9caf060ff) Importer(815301076,1909f56bfc062723c751e8b465ee728b)
Start importing Assets/Scenes/DiGraphEditor.unity using Guid(98e8a37cd5d6c4d4195446f9caf060ff) Importer(815301076,1909f56bfc062723c751e8b465ee728b) (PreviewImporter)[PhysX] Initialized MultithreadedTaskDispatcher with 8 workers.
 -> (artifact id: '3fadf34ca32e6ec610bc203f73217d30') in 0.0013377 seconds
Number of updated asset objects reloaded before import = 0Number of asset objects unloaded after import = 0

========================================================================
Received Import Request.
  Time since last request: 31.103627 seconds.
  path: Assets/Scenes/CFGEditor.unity
  artifactKey: Guid(bbee7836c3e97ca4288c1c3d6d15fd12) Importer(815301076,1909f56bfc062723c751e8b465ee728b)
Start importing Assets/Scenes/CFGEditor.unity using Guid(bbee7836c3e97ca4288c1c3d6d15fd12) Importer(815301076,1909f56bfc062723c751e8b465ee728b) (PreviewImporter)[PhysX] Initialized MultithreadedTaskDispatcher with 8 workers.
 -> (artifact id: '98d210229b8e5325a3b1510586c32148') in 0.0012669 seconds
Number of updated asset objects reloaded before import = 0Number of asset objects unloaded after import = 0

========================================================================
Received Import Request.
  Time since last request: 98.402462 seconds.
  path: Assets/Scenes/CFGEditor.unity
  artifactKey: Guid(bbee7836c3e97ca4288c1c3d6d15fd12) Importer(815301076,1909f56bfc062723c751e8b465ee728b)
Start importing Assets/Scenes/CFGEditor.unity using Guid(bbee7836c3e97ca4288c1c3d6d15fd12) Importer(815301076,1909f56bfc062723c751e8b465ee728b) (PreviewImporter)[PhysX] Initialized MultithreadedTaskDispatcher with 8 workers.
 -> (artifact id: '71380be1c66eac46b79eecb87048a5cb') in 0.0013333 seconds
Number of updated asset objects reloaded before import = 0Number of asset objects unloaded after import = 0

========================================================================
Received Import Request.
  Time since last request: 13.271593 seconds.
  path: Assets/Scenes/CFGEditor.unity
  artifactKey: Guid(bbee7836c3e97ca4288c1c3d6d15fd12) Importer(815301076,1909f56bfc062723c751e8b465ee728b)
Start importing Assets/Scenes/CFGEditor.unity using Guid(bbee7836c3e97ca4288c1c3d6d15fd12) Importer(815301076,1909f56bfc062723c751e8b465ee728b) (PreviewImporter)[PhysX] Initialized MultithreadedTaskDispatcher with 8 workers.
 -> (artifact id: '41f9b2ae75fd54eb04b7f1743a3d55b5') in 0.0009402 seconds
Number of updated asset objects reloaded before import = 0Number of asset objects unloaded after import = 0

========================================================================
Received Import Request.
  Time since last request: 12.924583 seconds.
  path: Assets/Scenes/CFGEditor.unity
  artifactKey: Guid(bbee7836c3e97ca4288c1c3d6d15fd12) Importer(815301076,1909f56bfc062723c751e8b465ee728b)
Start importing Assets/Scenes/CFGEditor.unity using Guid(bbee7836c3e97ca4288c1c3d6d15fd12) Importer(815301076,1909f56bfc062723c751e8b465ee728b) (PreviewImporter)[PhysX] Initialized MultithreadedTaskDispatcher with 8 workers.
 -> (artifact id: '20d03f793e5f59b8a949b6f4afd55443') in 0.0012904 seconds
Number of updated asset objects reloaded before import = 0Number of asset objects unloaded after import = 0

========================================================================
Received Import Request.
  Time since last request: 18.126020 seconds.
  path: Assets/Scenes/CFGEditor.unity
  artifactKey: Guid(bbee7836c3e97ca4288c1c3d6d15fd12) Importer(815301076,1909f56bfc062723c751e8b465ee728b)
Start importing Assets/Scenes/CFGEditor.unity using Guid(bbee7836c3e97ca4288c1c3d6d15fd12) Importer(815301076,1909f56bfc062723c751e8b465ee728b) (PreviewImporter)[PhysX] Initialized MultithreadedTaskDispatcher with 8 workers.
 -> (artifact id: '34bf36e4ee99a3a920c8921877da4051') in 0.0011316 seconds
Number of updated asset objects reloaded before import = 0Number of asset objects unloaded after import = 0

========================================================================
Received Import Request.
  Time since last request: 76.209003 seconds.
  path: Assets/Scripts/CFGEditor
  artifactKey: Guid(f97c7efbfbb2dc84eb161ab4ab1c8c3e) Importer(815301076,1909f56bfc062723c751e8b465ee728b)
Start importing Assets/Scripts/CFGEditor using Guid(f97c7efbfbb2dc84eb161ab4ab1c8c3e) Importer(815301076,1909f56bfc062723c751e8b465ee728b) (PreviewImporter)[PhysX] Initialized MultithreadedTaskDispatcher with 8 workers.
 -> (artifact id: '693f88f8fad1d68a1cc43402020ad3ca') in 0.0019152 seconds
Number of updated asset objects reloaded before import = 0Number of asset objects unloaded after import = 0

========================================================================
Received Prepare
Refreshing native plugins compatible for Editor in 3.38 ms, found 4 plugins.
Preloading 0 native plugins for Editor in 0.00 ms.
Unloading 15 Unused Serialized files (Serialized files now loaded: 0)
Unloading 6767 unused Assets / (4.4 MB). Loaded Objects now: 7563.
Memory consumption went from 158.9 MB to 154.5 MB.
Total: 22.109700 ms (FindLiveObjects: 1.061100 ms CreateObjectMapping: 1.012600 ms MarkObjects: 15.271600 ms  DeleteObjects: 4.762400 ms)

Prepare: number of updated asset objects reloaded= 0
========================================================================
Received Import Request.
  Time since last request: 10.002258 seconds.
  path: Assets/Scripts/CFGEditor/CFGManager.cs
  artifactKey: Guid(e202bcab64268e5418b4c6f6a74f2cd6) Importer(815301076,1909f56bfc062723c751e8b465ee728b)
Start importing Assets/Scripts/CFGEditor/CFGManager.cs using Guid(e202bcab64268e5418b4c6f6a74f2cd6) Importer(815301076,1909f56bfc062723c751e8b465ee728b) (PreviewImporter)[PhysX] Initialized MultithreadedTaskDispatcher with 8 workers.
 -> (artifact id: '7904fb385bf99118195f5a63d582217b') in 0.0113585 seconds
Number of updated asset objects reloaded before import = 0Number of asset objects unloaded after import = 0

========================================================================
Received Prepare
Begin MonoManager ReloadAssembly
Symbol file LoadedFromMemory is not a mono symbol file
- Loaded All Assemblies, in  1.246 seconds
Refreshing native plugins compatible for Editor in 3.68 ms, found 4 plugins.
Native extension for WindowsStandalone target not found
Native extension for WebGL target not found
The project currently uses the compatibility mode where the Render Graph API is disabled. Support for this mode will be removed in future Unity versions. Migrate existing ScriptableRenderPasses to the new RenderGraph API. After the migration, disable the compatibility mode in Edit > Projects Settings > Graphics > Render Graph.
UnityEngine.Debug:ExtractStackTraceNoAlloc (byte*,int,string)
UnityEngine.StackTraceUtility:ExtractStackTrace ()
UnityEngine.DebugLogHandler:Internal_Log (UnityEngine.LogType,UnityEngine.LogOption,string,UnityEngine.Object)
UnityEngine.DebugLogHandler:LogFormat (UnityEngine.LogType,UnityEngine.Object,string,object[])
UnityEngine.Logger:Log (UnityEngine.LogType,object)
UnityEngine.Debug:LogWarning (object)
UnityEngine.Rendering.Universal.WarnUsingNonRenderGraph:EmitConsoleWarning () (at ./Library/PackageCache/com.unity.render-pipelines.universal/Runtime/Data/UniversalRenderPipelineAsset.cs:438)
System.Reflection.RuntimeMethodInfo:Invoke (object,System.Reflection.BindingFlags,System.Reflection.Binder,object[],System.Globalization.CultureInfo)
System.Reflection.MethodBase:Invoke (object,object[])
UnityEditor.EditorAssemblies:ProcessInitializeOnLoadMethodAttributes ()

(Filename: ./Library/PackageCache/com.unity.render-pipelines.universal/Runtime/Data/UniversalRenderPipelineAsset.cs Line: 438)

Mono: successfully reloaded assembly
- Finished resetting the current domain, in  1.432 seconds
Domain Reload Profiling: 2678ms
	BeginReloadAssembly (338ms)
		ExecutionOrderSort (0ms)
		DisableScriptedObjects (20ms)
		BackupInstance (0ms)
		ReleaseScriptingObjects (0ms)
		CreateAndSetChildDomain (93ms)
	RebuildCommonClasses (57ms)
	RebuildNativeTypeToScriptingClass (21ms)
	initialDomainReloadingComplete (50ms)
	LoadAllAssembliesAndSetupDomain (779ms)
		LoadAssemblies (586ms)
		RebuildTransferFunctionScriptingTraits (0ms)
		AnalyzeDomain (355ms)
			TypeCache.Refresh (16ms)
				TypeCache.ScanAssembly (2ms)
			BuildScriptInfoCaches (305ms)
			ResolveRequiredComponents (26ms)
	FinalizeReload (1433ms)
		ReleaseScriptCaches (0ms)
		RebuildScriptCaches (0ms)
		SetupLoadedEditorAssemblies (973ms)
			LogAssemblyErrors (0ms)
			InitializePlatformSupportModulesInManaged (6ms)
			SetLoadedEditorAssemblies (9ms)
			BeforeProcessingInitializeOnLoad (118ms)
			ProcessInitializeOnLoadAttributes (529ms)
			ProcessInitializeOnLoadMethodAttributes (303ms)
			AfterProcessingInitializeOnLoad (6ms)
			EditorAssembliesLoaded (1ms)
		ExecutionOrderSort2 (0ms)
		AwakeInstancesAfterBackupRestoration (13ms)
Refreshing native plugins compatible for Editor in 3.29 ms, found 4 plugins.
Preloading 0 native plugins for Editor in 0.00 ms.
Unloading 22 Unused Serialized files (Serialized files now loaded: 0)
Unloading 6778 unused Assets / (4.6 MB). Loaded Objects now: 7573.
Memory consumption went from 174.9 MB to 170.3 MB.
Total: 16.341100 ms (FindLiveObjects: 0.839500 ms CreateObjectMapping: 0.783900 ms MarkObjects: 9.763700 ms  DeleteObjects: 4.952500 ms)

Prepare: number of updated asset objects reloaded= 0
========================================================================
Received Prepare
Refreshing native plugins compatible for Editor in 3.60 ms, found 4 plugins.
Preloading 0 native plugins for Editor in 0.00 ms.
Unloading 15 Unused Serialized files (Serialized files now loaded: 0)
Unloading 6768 unused Assets / (4.3 MB). Loaded Objects now: 7574.
Memory consumption went from 173.7 MB to 169.4 MB.
Total: 17.529500 ms (FindLiveObjects: 1.069200 ms CreateObjectMapping: 0.870800 ms MarkObjects: 10.586500 ms  DeleteObjects: 5.000400 ms)

Prepare: number of updated asset objects reloaded= 0
========================================================================
Received Import Request.
  Time since last request: 32.544931 seconds.
  path: Assets/Scripts/CFGEditor/CFGInputManager.cs
  artifactKey: Guid(386ff536d0a40eb4f89d9e57b5b9c616) Importer(815301076,1909f56bfc062723c751e8b465ee728b)
Start importing Assets/Scripts/CFGEditor/CFGInputManager.cs using Guid(386ff536d0a40eb4f89d9e57b5b9c616) Importer(815301076,1909f56bfc062723c751e8b465ee728b) (PreviewImporter)[PhysX] Initialized MultithreadedTaskDispatcher with 8 workers.
 -> (artifact id: '72dec4723d07f78829ad9634e54e9a8e') in 0.0234791 seconds
Number of updated asset objects reloaded before import = 0Number of asset objects unloaded after import = 0

========================================================================
Received Prepare
Begin MonoManager ReloadAssembly
Symbol file LoadedFromMemory is not a mono symbol file
- Loaded All Assemblies, in  1.216 seconds
Refreshing native plugins compatible for Editor in 3.16 ms, found 4 plugins.
Native extension for WindowsStandalone target not found
Native extension for WebGL target not found
The project currently uses the compatibility mode where the Render Graph API is disabled. Support for this mode will be removed in future Unity versions. Migrate existing ScriptableRenderPasses to the new RenderGraph API. After the migration, disable the compatibility mode in Edit > Projects Settings > Graphics > Render Graph.
UnityEngine.Debug:ExtractStackTraceNoAlloc (byte*,int,string)
UnityEngine.StackTraceUtility:ExtractStackTrace ()
UnityEngine.DebugLogHandler:Internal_Log (UnityEngine.LogType,UnityEngine.LogOption,string,UnityEngine.Object)
UnityEngine.DebugLogHandler:LogFormat (UnityEngine.LogType,UnityEngine.Object,string,object[])
UnityEngine.Logger:Log (UnityEngine.LogType,object)
UnityEngine.Debug:LogWarning (object)
UnityEngine.Rendering.Universal.WarnUsingNonRenderGraph:EmitConsoleWarning () (at ./Library/PackageCache/com.unity.render-pipelines.universal/Runtime/Data/UniversalRenderPipelineAsset.cs:438)
System.Reflection.RuntimeMethodInfo:Invoke (object,System.Reflection.BindingFlags,System.Reflection.Binder,object[],System.Globalization.CultureInfo)
System.Reflection.MethodBase:Invoke (object,object[])
UnityEditor.EditorAssemblies:ProcessInitializeOnLoadMethodAttributes ()

(Filename: ./Library/PackageCache/com.unity.render-pipelines.universal/Runtime/Data/UniversalRenderPipelineAsset.cs Line: 438)

Mono: successfully reloaded assembly
- Finished resetting the current domain, in  1.409 seconds
Domain Reload Profiling: 2624ms
	BeginReloadAssembly (308ms)
		ExecutionOrderSort (0ms)
		DisableScriptedObjects (23ms)
		BackupInstance (0ms)
		ReleaseScriptingObjects (0ms)
		CreateAndSetChildDomain (91ms)
	RebuildCommonClasses (53ms)
	RebuildNativeTypeToScriptingClass (23ms)
	initialDomainReloadingComplete (47ms)
	LoadAllAssembliesAndSetupDomain (782ms)
		LoadAssemblies (536ms)
		RebuildTransferFunctionScriptingTraits (0ms)
		AnalyzeDomain (379ms)
			TypeCache.Refresh (19ms)
				TypeCache.ScanAssembly (2ms)
			BuildScriptInfoCaches (323ms)
			ResolveRequiredComponents (27ms)
	FinalizeReload (1410ms)
		ReleaseScriptCaches (0ms)
		RebuildScriptCaches (0ms)
		SetupLoadedEditorAssemblies (959ms)
			LogAssemblyErrors (0ms)
			InitializePlatformSupportModulesInManaged (6ms)
			SetLoadedEditorAssemblies (11ms)
			BeforeProcessingInitializeOnLoad (111ms)
			ProcessInitializeOnLoadAttributes (537ms)
			ProcessInitializeOnLoadMethodAttributes (287ms)
			AfterProcessingInitializeOnLoad (7ms)
			EditorAssembliesLoaded (0ms)
		ExecutionOrderSort2 (0ms)
		AwakeInstancesAfterBackupRestoration (15ms)
Refreshing native plugins compatible for Editor in 3.76 ms, found 4 plugins.
Preloading 0 native plugins for Editor in 0.00 ms.
Unloading 15 Unused Serialized files (Serialized files now loaded: 0)
Unloading 6779 unused Assets / (4.4 MB). Loaded Objects now: 7576.
Memory consumption went from 173.5 MB to 169.1 MB.
Total: 15.640000 ms (FindLiveObjects: 0.973400 ms CreateObjectMapping: 0.991200 ms MarkObjects: 9.101400 ms  DeleteObjects: 4.572600 ms)

Prepare: number of updated asset objects reloaded= 0
========================================================================
Received Prepare
Refreshing native plugins compatible for Editor in 3.63 ms, found 4 plugins.
Preloading 0 native plugins for Editor in 0.00 ms.
Unloading 15 Unused Serialized files (Serialized files now loaded: 0)
Unloading 6769 unused Assets / (3.7 MB). Loaded Objects now: 7577.
Memory consumption went from 173.7 MB to 170.0 MB.
Total: 35.133100 ms (FindLiveObjects: 1.230800 ms CreateObjectMapping: 0.906100 ms MarkObjects: 14.772700 ms  DeleteObjects: 18.221300 ms)

Prepare: number of updated asset objects reloaded= 0
========================================================================
Received Import Request.
  Time since last request: 15.953182 seconds.
  path: Assets/Scripts/CFGEditor/CFGPopupManager.cs
  artifactKey: Guid(b0c3a2e618744724d8f684f683b3e7be) Importer(815301076,1909f56bfc062723c751e8b465ee728b)
Start importing Assets/Scripts/CFGEditor/CFGPopupManager.cs using Guid(b0c3a2e618744724d8f684f683b3e7be) Importer(815301076,1909f56bfc062723c751e8b465ee728b) (PreviewImporter)[PhysX] Initialized MultithreadedTaskDispatcher with 8 workers.
 -> (artifact id: '6ed806f39ffd932ab471f6eb98932810') in 0.0193645 seconds
Number of updated asset objects reloaded before import = 0Number of asset objects unloaded after import = 0

========================================================================
Received Prepare
Begin MonoManager ReloadAssembly
Symbol file LoadedFromMemory is not a mono symbol file
- Loaded All Assemblies, in  1.201 seconds
Refreshing native plugins compatible for Editor in 3.21 ms, found 4 plugins.
Native extension for WindowsStandalone target not found
Native extension for WebGL target not found
The project currently uses the compatibility mode where the Render Graph API is disabled. Support for this mode will be removed in future Unity versions. Migrate existing ScriptableRenderPasses to the new RenderGraph API. After the migration, disable the compatibility mode in Edit > Projects Settings > Graphics > Render Graph.
UnityEngine.Debug:ExtractStackTraceNoAlloc (byte*,int,string)
UnityEngine.StackTraceUtility:ExtractStackTrace ()
UnityEngine.DebugLogHandler:Internal_Log (UnityEngine.LogType,UnityEngine.LogOption,string,UnityEngine.Object)
UnityEngine.DebugLogHandler:LogFormat (UnityEngine.LogType,UnityEngine.Object,string,object[])
UnityEngine.Logger:Log (UnityEngine.LogType,object)
UnityEngine.Debug:LogWarning (object)
UnityEngine.Rendering.Universal.WarnUsingNonRenderGraph:EmitConsoleWarning () (at ./Library/PackageCache/com.unity.render-pipelines.universal/Runtime/Data/UniversalRenderPipelineAsset.cs:438)
System.Reflection.RuntimeMethodInfo:Invoke (object,System.Reflection.BindingFlags,System.Reflection.Binder,object[],System.Globalization.CultureInfo)
System.Reflection.MethodBase:Invoke (object,object[])
UnityEditor.EditorAssemblies:ProcessInitializeOnLoadMethodAttributes ()

(Filename: ./Library/PackageCache/com.unity.render-pipelines.universal/Runtime/Data/UniversalRenderPipelineAsset.cs Line: 438)

Mono: successfully reloaded assembly
- Finished resetting the current domain, in  1.404 seconds
Domain Reload Profiling: 2603ms
	BeginReloadAssembly (302ms)
		ExecutionOrderSort (0ms)
		DisableScriptedObjects (19ms)
		BackupInstance (0ms)
		ReleaseScriptingObjects (0ms)
		CreateAndSetChildDomain (70ms)
	RebuildCommonClasses (46ms)
	RebuildNativeTypeToScriptingClass (18ms)
	initialDomainReloadingComplete (47ms)
	LoadAllAssembliesAndSetupDomain (785ms)
		LoadAssemblies (548ms)
		RebuildTransferFunctionScriptingTraits (0ms)
		AnalyzeDomain (381ms)
			TypeCache.Refresh (19ms)
				TypeCache.ScanAssembly (2ms)
			BuildScriptInfoCaches (319ms)
			ResolveRequiredComponents (34ms)
	FinalizeReload (1405ms)
		ReleaseScriptCaches (0ms)
		RebuildScriptCaches (0ms)
		SetupLoadedEditorAssemblies (975ms)
			LogAssemblyErrors (0ms)
			InitializePlatformSupportModulesInManaged (4ms)
			SetLoadedEditorAssemblies (10ms)
			BeforeProcessingInitializeOnLoad (126ms)
			ProcessInitializeOnLoadAttributes (533ms)
			ProcessInitializeOnLoadMethodAttributes (295ms)
			AfterProcessingInitializeOnLoad (7ms)
			EditorAssembliesLoaded (0ms)
		ExecutionOrderSort2 (0ms)
		AwakeInstancesAfterBackupRestoration (12ms)
Refreshing native plugins compatible for Editor in 4.20 ms, found 4 plugins.
Preloading 0 native plugins for Editor in 0.00 ms.
Unloading 15 Unused Serialized files (Serialized files now loaded: 0)
Unloading 6780 unused Assets / (4.3 MB). Loaded Objects now: 7579.
Memory consumption went from 173.5 MB to 169.2 MB.
Total: 17.723000 ms (FindLiveObjects: 1.402000 ms CreateObjectMapping: 0.842900 ms MarkObjects: 11.179900 ms  DeleteObjects: 4.295100 ms)

Prepare: number of updated asset objects reloaded= 0
========================================================================
Received Import Request.
  Time since last request: 25.365724 seconds.
  path: Assets/Scripts/CFGEditor/CFGManager.cs
  artifactKey: Guid(e202bcab64268e5418b4c6f6a74f2cd6) Importer(815301076,1909f56bfc062723c751e8b465ee728b)
Start importing Assets/Scripts/CFGEditor/CFGManager.cs using Guid(e202bcab64268e5418b4c6f6a74f2cd6) Importer(815301076,1909f56bfc062723c751e8b465ee728b) (PreviewImporter)[PhysX] Initialized MultithreadedTaskDispatcher with 8 workers.
 -> (artifact id: '2170918ad02c171f9c1e507fdf2f36f3') in 0.0105057 seconds
Number of updated asset objects reloaded before import = 0Number of asset objects unloaded after import = 0

========================================================================
Received Prepare
Begin MonoManager ReloadAssembly
Symbol file LoadedFromMemory is not a mono symbol file
- Loaded All Assemblies, in  1.289 seconds
Refreshing native plugins compatible for Editor in 4.84 ms, found 4 plugins.
Native extension for WindowsStandalone target not found
Native extension for WebGL target not found
The project currently uses the compatibility mode where the Render Graph API is disabled. Support for this mode will be removed in future Unity versions. Migrate existing ScriptableRenderPasses to the new RenderGraph API. After the migration, disable the compatibility mode in Edit > Projects Settings > Graphics > Render Graph.
UnityEngine.Debug:ExtractStackTraceNoAlloc (byte*,int,string)
UnityEngine.StackTraceUtility:ExtractStackTrace ()
UnityEngine.DebugLogHandler:Internal_Log (UnityEngine.LogType,UnityEngine.LogOption,string,UnityEngine.Object)
UnityEngine.DebugLogHandler:LogFormat (UnityEngine.LogType,UnityEngine.Object,string,object[])
UnityEngine.Logger:Log (UnityEngine.LogType,object)
UnityEngine.Debug:LogWarning (object)
UnityEngine.Rendering.Universal.WarnUsingNonRenderGraph:EmitConsoleWarning () (at ./Library/PackageCache/com.unity.render-pipelines.universal/Runtime/Data/UniversalRenderPipelineAsset.cs:438)
System.Reflection.RuntimeMethodInfo:Invoke (object,System.Reflection.BindingFlags,System.Reflection.Binder,object[],System.Globalization.CultureInfo)
System.Reflection.MethodBase:Invoke (object,object[])
UnityEditor.EditorAssemblies:ProcessInitializeOnLoadMethodAttributes ()

(Filename: ./Library/PackageCache/com.unity.render-pipelines.universal/Runtime/Data/UniversalRenderPipelineAsset.cs Line: 438)

Mono: successfully reloaded assembly
- Finished resetting the current domain, in  3.903 seconds
Domain Reload Profiling: 5187ms
	BeginReloadAssembly (321ms)
		ExecutionOrderSort (0ms)
		DisableScriptedObjects (22ms)
		BackupInstance (0ms)
		ReleaseScriptingObjects (0ms)
		CreateAndSetChildDomain (86ms)
	RebuildCommonClasses (59ms)
	RebuildNativeTypeToScriptingClass (18ms)
	initialDomainReloadingComplete (50ms)
	LoadAllAssembliesAndSetupDomain (836ms)
		LoadAssemblies (601ms)
		RebuildTransferFunctionScriptingTraits (0ms)
		AnalyzeDomain (381ms)
			TypeCache.Refresh (20ms)
				TypeCache.ScanAssembly (3ms)
			BuildScriptInfoCaches (335ms)
			ResolveRequiredComponents (19ms)
	FinalizeReload (3904ms)
		ReleaseScriptCaches (0ms)
		RebuildScriptCaches (0ms)
		SetupLoadedEditorAssemblies (2906ms)
			LogAssemblyErrors (0ms)
			InitializePlatformSupportModulesInManaged (15ms)
			SetLoadedEditorAssemblies (21ms)
			BeforeProcessingInitializeOnLoad (328ms)
			ProcessInitializeOnLoadAttributes (1618ms)
			ProcessInitializeOnLoadMethodAttributes (898ms)
			AfterProcessingInitializeOnLoad (25ms)
			EditorAssembliesLoaded (1ms)
		ExecutionOrderSort2 (0ms)
		AwakeInstancesAfterBackupRestoration (44ms)
Refreshing native plugins compatible for Editor in 8.81 ms, found 4 plugins.
Preloading 0 native plugins for Editor in 0.00 ms.
Unloading 15 Unused Serialized files (Serialized files now loaded: 0)
Unloading 6780 unused Assets / (4.0 MB). Loaded Objects now: 7581.
Memory consumption went from 173.5 MB to 169.5 MB.
Total: 30.824800 ms (FindLiveObjects: 1.869400 ms CreateObjectMapping: 2.411700 ms MarkObjects: 20.272100 ms  DeleteObjects: 6.267700 ms)

Prepare: number of updated asset objects reloaded= 0
========================================================================
Received Prepare
Begin MonoManager ReloadAssembly
Symbol file LoadedFromMemory is not a mono symbol file
- Loaded All Assemblies, in  1.274 seconds
Refreshing native plugins compatible for Editor in 5.24 ms, found 4 plugins.
Native extension for WindowsStandalone target not found
Native extension for WebGL target not found
The project currently uses the compatibility mode where the Render Graph API is disabled. Support for this mode will be removed in future Unity versions. Migrate existing ScriptableRenderPasses to the new RenderGraph API. After the migration, disable the compatibility mode in Edit > Projects Settings > Graphics > Render Graph.
UnityEngine.Debug:ExtractStackTraceNoAlloc (byte*,int,string)
UnityEngine.StackTraceUtility:ExtractStackTrace ()
UnityEngine.DebugLogHandler:Internal_Log (UnityEngine.LogType,UnityEngine.LogOption,string,UnityEngine.Object)
UnityEngine.DebugLogHandler:LogFormat (UnityEngine.LogType,UnityEngine.Object,string,object[])
UnityEngine.Logger:Log (UnityEngine.LogType,object)
UnityEngine.Debug:LogWarning (object)
UnityEngine.Rendering.Universal.WarnUsingNonRenderGraph:EmitConsoleWarning () (at ./Library/PackageCache/com.unity.render-pipelines.universal/Runtime/Data/UniversalRenderPipelineAsset.cs:438)
System.Reflection.RuntimeMethodInfo:Invoke (object,System.Reflection.BindingFlags,System.Reflection.Binder,object[],System.Globalization.CultureInfo)
System.Reflection.MethodBase:Invoke (object,object[])
UnityEditor.EditorAssemblies:ProcessInitializeOnLoadMethodAttributes ()

(Filename: ./Library/PackageCache/com.unity.render-pipelines.universal/Runtime/Data/UniversalRenderPipelineAsset.cs Line: 438)

Mono: successfully reloaded assembly
- Finished resetting the current domain, in  1.883 seconds
Domain Reload Profiling: 3157ms
	BeginReloadAssembly (321ms)
		ExecutionOrderSort (0ms)
		DisableScriptedObjects (18ms)
		BackupInstance (0ms)
		ReleaseScriptingObjects (0ms)
		CreateAndSetChildDomain (84ms)
	RebuildCommonClasses (54ms)
	RebuildNativeTypeToScriptingClass (23ms)
	initialDomainReloadingComplete (46ms)
	LoadAllAssembliesAndSetupDomain (829ms)
		LoadAssemblies (606ms)
		RebuildTransferFunctionScriptingTraits (0ms)
		AnalyzeDomain (373ms)
			TypeCache.Refresh (18ms)
				TypeCache.ScanAssembly (2ms)
			BuildScriptInfoCaches (319ms)
			ResolveRequiredComponents (27ms)
	FinalizeReload (1884ms)
		ReleaseScriptCaches (0ms)
		RebuildScriptCaches (0ms)
		SetupLoadedEditorAssemblies (1273ms)
			LogAssemblyErrors (0ms)
			InitializePlatformSupportModulesInManaged (7ms)
			SetLoadedEditorAssemblies (9ms)
			BeforeProcessingInitializeOnLoad (149ms)
			ProcessInitializeOnLoadAttributes (729ms)
			ProcessInitializeOnLoadMethodAttributes (366ms)
			AfterProcessingInitializeOnLoad (12ms)
			EditorAssembliesLoaded (1ms)
		ExecutionOrderSort2 (0ms)
		AwakeInstancesAfterBackupRestoration (23ms)
Refreshing native plugins compatible for Editor in 3.53 ms, found 4 plugins.
Preloading 0 native plugins for Editor in 0.00 ms.
Unloading 15 Unused Serialized files (Serialized files now loaded: 0)
Unloading 6780 unused Assets / (4.7 MB). Loaded Objects now: 7583.
Memory consumption went from 173.5 MB to 168.8 MB.
Total: 15.344900 ms (FindLiveObjects: 1.288000 ms CreateObjectMapping: 0.867900 ms MarkObjects: 8.857600 ms  DeleteObjects: 4.329300 ms)

Prepare: number of updated asset objects reloaded= 0
========================================================================
Received Import Request.
  Time since last request: 1201.238294 seconds.
  path: Assets/Scenes/MainMenu.unity
  artifactKey: Guid(f03b7c491f6c0b143945855c2f2fba71) Importer(815301076,1909f56bfc062723c751e8b465ee728b)
Start importing Assets/Scenes/MainMenu.unity using Guid(f03b7c491f6c0b143945855c2f2fba71) Importer(815301076,1909f56bfc062723c751e8b465ee728b) (PreviewImporter)[PhysX] Initialized MultithreadedTaskDispatcher with 8 workers.
 -> (artifact id: '9e5741c62269bc25c26edfa016727883') in 0.0235711 seconds
Number of updated asset objects reloaded before import = 0Number of asset objects unloaded after import = 0

========================================================================
Received Import Request.
  Time since last request: 28.204781 seconds.
  path: Assets/Scenes/CFGEditor.unity
  artifactKey: Guid(bbee7836c3e97ca4288c1c3d6d15fd12) Importer(815301076,1909f56bfc062723c751e8b465ee728b)
Start importing Assets/Scenes/CFGEditor.unity using Guid(bbee7836c3e97ca4288c1c3d6d15fd12) Importer(815301076,1909f56bfc062723c751e8b465ee728b) (PreviewImporter)[PhysX] Initialized MultithreadedTaskDispatcher with 8 workers.
 -> (artifact id: 'abd380d6466d765a7c56ca73a715ba66') in 0.0007529 seconds
Number of updated asset objects reloaded before import = 0Number of asset objects unloaded after import = 0

========================================================================
Received Import Request.
  Time since last request: 723.168380 seconds.
  path: Assets/Scenes/CFGEditor.unity
  artifactKey: Guid(bbee7836c3e97ca4288c1c3d6d15fd12) Importer(815301076,1909f56bfc062723c751e8b465ee728b)
Start importing Assets/Scenes/CFGEditor.unity using Guid(bbee7836c3e97ca4288c1c3d6d15fd12) Importer(815301076,1909f56bfc062723c751e8b465ee728b) (PreviewImporter)[PhysX] Initialized MultithreadedTaskDispatcher with 8 workers.
 -> (artifact id: 'bf66cf08840f4a1361db90584b784def') in 0.0016666 seconds
Number of updated asset objects reloaded before import = 0Number of asset objects unloaded after import = 0

========================================================================
Received Prepare
Refreshing native plugins compatible for Editor in 3.12 ms, found 4 plugins.
Preloading 0 native plugins for Editor in 0.00 ms.
Unloading 15 Unused Serialized files (Serialized files now loaded: 0)
Unloading 6770 unused Assets / (3.8 MB). Loaded Objects now: 7584.
Memory consumption went from 173.7 MB to 169.9 MB.
Total: 24.599900 ms (FindLiveObjects: 1.225300 ms CreateObjectMapping: 0.810100 ms MarkObjects: 11.850200 ms  DeleteObjects: 10.712100 ms)

Prepare: number of updated asset objects reloaded= 0
========================================================================
Received Import Request.
  Time since last request: 44.199068 seconds.
  path: Assets/Scripts/CFGEditor/CFGProductionAddPopup.cs
  artifactKey: Guid(4bd3b3616e0bf2d4bb73d401988e69a9) Importer(815301076,1909f56bfc062723c751e8b465ee728b)
Start importing Assets/Scripts/CFGEditor/CFGProductionAddPopup.cs using Guid(4bd3b3616e0bf2d4bb73d401988e69a9) Importer(815301076,1909f56bfc062723c751e8b465ee728b) (PreviewImporter)[PhysX] Initialized MultithreadedTaskDispatcher with 8 workers.
 -> (artifact id: '59c7e529bc5d7ea965e653fb3144a92e') in 0.0112922 seconds
Number of updated asset objects reloaded before import = 0Number of asset objects unloaded after import = 0

========================================================================
Received Prepare
Begin MonoManager ReloadAssembly
Symbol file LoadedFromMemory is not a mono symbol file
- Loaded All Assemblies, in  1.332 seconds
Refreshing native plugins compatible for Editor in 3.38 ms, found 4 plugins.
Native extension for WindowsStandalone target not found
Native extension for WebGL target not found
The project currently uses the compatibility mode where the Render Graph API is disabled. Support for this mode will be removed in future Unity versions. Migrate existing ScriptableRenderPasses to the new RenderGraph API. After the migration, disable the compatibility mode in Edit > Projects Settings > Graphics > Render Graph.
UnityEngine.Debug:ExtractStackTraceNoAlloc (byte*,int,string)
UnityEngine.StackTraceUtility:ExtractStackTrace ()
UnityEngine.DebugLogHandler:Internal_Log (UnityEngine.LogType,UnityEngine.LogOption,string,UnityEngine.Object)
UnityEngine.DebugLogHandler:LogFormat (UnityEngine.LogType,UnityEngine.Object,string,object[])
UnityEngine.Logger:Log (UnityEngine.LogType,object)
UnityEngine.Debug:LogWarning (object)
UnityEngine.Rendering.Universal.WarnUsingNonRenderGraph:EmitConsoleWarning () (at ./Library/PackageCache/com.unity.render-pipelines.universal/Runtime/Data/UniversalRenderPipelineAsset.cs:438)
System.Reflection.RuntimeMethodInfo:Invoke (object,System.Reflection.BindingFlags,System.Reflection.Binder,object[],System.Globalization.CultureInfo)
System.Reflection.MethodBase:Invoke (object,object[])
UnityEditor.EditorAssemblies:ProcessInitializeOnLoadMethodAttributes ()

(Filename: ./Library/PackageCache/com.unity.render-pipelines.universal/Runtime/Data/UniversalRenderPipelineAsset.cs Line: 438)

Mono: successfully reloaded assembly
- Finished resetting the current domain, in  1.328 seconds
Domain Reload Profiling: 2656ms
	BeginReloadAssembly (308ms)
		ExecutionOrderSort (0ms)
		DisableScriptedObjects (18ms)
		BackupInstance (0ms)
		ReleaseScriptingObjects (0ms)
		CreateAndSetChildDomain (78ms)
	RebuildCommonClasses (70ms)
	RebuildNativeTypeToScriptingClass (19ms)
	initialDomainReloadingComplete (50ms)
	LoadAllAssembliesAndSetupDomain (880ms)
		LoadAssemblies (606ms)
		RebuildTransferFunctionScriptingTraits (0ms)
		AnalyzeDomain (423ms)
			TypeCache.Refresh (18ms)
				TypeCache.ScanAssembly (2ms)
			BuildScriptInfoCaches (378ms)
			ResolveRequiredComponents (21ms)
	FinalizeReload (1328ms)
		ReleaseScriptCaches (0ms)
		RebuildScriptCaches (0ms)
		SetupLoadedEditorAssemblies (910ms)
			LogAssemblyErrors (0ms)
			InitializePlatformSupportModulesInManaged (4ms)
			SetLoadedEditorAssemblies (7ms)
			BeforeProcessingInitializeOnLoad (104ms)
			ProcessInitializeOnLoadAttributes (532ms)
			ProcessInitializeOnLoadMethodAttributes (255ms)
			AfterProcessingInitializeOnLoad (7ms)
			EditorAssembliesLoaded (1ms)
		ExecutionOrderSort2 (0ms)
		AwakeInstancesAfterBackupRestoration (13ms)
Refreshing native plugins compatible for Editor in 4.25 ms, found 4 plugins.
Preloading 0 native plugins for Editor in 0.00 ms.
Unloading 15 Unused Serialized files (Serialized files now loaded: 0)
Unloading 6781 unused Assets / (4.2 MB). Loaded Objects now: 7586.
Memory consumption went from 173.6 MB to 169.4 MB.
Total: 17.213900 ms (FindLiveObjects: 2.178800 ms CreateObjectMapping: 1.300300 ms MarkObjects: 9.448000 ms  DeleteObjects: 4.285200 ms)

Prepare: number of updated asset objects reloaded= 0
========================================================================
Received Import Request.
  Time since last request: 31.931585 seconds.
  path: Assets/Scripts/CFGEditor/CFGProductionAddPopup.cs
  artifactKey: Guid(4bd3b3616e0bf2d4bb73d401988e69a9) Importer(815301076,1909f56bfc062723c751e8b465ee728b)
Start importing Assets/Scripts/CFGEditor/CFGProductionAddPopup.cs using Guid(4bd3b3616e0bf2d4bb73d401988e69a9) Importer(815301076,1909f56bfc062723c751e8b465ee728b) (PreviewImporter)[PhysX] Initialized MultithreadedTaskDispatcher with 8 workers.
 -> (artifact id: 'f732f79939df5dd8b5113e0a117d5c5c') in 0.0093284 seconds
Number of updated asset objects reloaded before import = 0Number of asset objects unloaded after import = 0

========================================================================
Received Prepare
Begin MonoManager ReloadAssembly
Symbol file LoadedFromMemory is not a mono symbol file
- Loaded All Assemblies, in  1.249 seconds
Refreshing native plugins compatible for Editor in 4.32 ms, found 4 plugins.
Native extension for WindowsStandalone target not found
Native extension for WebGL target not found
The project currently uses the compatibility mode where the Render Graph API is disabled. Support for this mode will be removed in future Unity versions. Migrate existing ScriptableRenderPasses to the new RenderGraph API. After the migration, disable the compatibility mode in Edit > Projects Settings > Graphics > Render Graph.
UnityEngine.Debug:ExtractStackTraceNoAlloc (byte*,int,string)
UnityEngine.StackTraceUtility:ExtractStackTrace ()
UnityEngine.DebugLogHandler:Internal_Log (UnityEngine.LogType,UnityEngine.LogOption,string,UnityEngine.Object)
UnityEngine.DebugLogHandler:LogFormat (UnityEngine.LogType,UnityEngine.Object,string,object[])
UnityEngine.Logger:Log (UnityEngine.LogType,object)
UnityEngine.Debug:LogWarning (object)
UnityEngine.Rendering.Universal.WarnUsingNonRenderGraph:EmitConsoleWarning () (at ./Library/PackageCache/com.unity.render-pipelines.universal/Runtime/Data/UniversalRenderPipelineAsset.cs:438)
System.Reflection.RuntimeMethodInfo:Invoke (object,System.Reflection.BindingFlags,System.Reflection.Binder,object[],System.Globalization.CultureInfo)
System.Reflection.MethodBase:Invoke (object,object[])
UnityEditor.EditorAssemblies:ProcessInitializeOnLoadMethodAttributes ()

(Filename: ./Library/PackageCache/com.unity.render-pipelines.universal/Runtime/Data/UniversalRenderPipelineAsset.cs Line: 438)

Mono: successfully reloaded assembly
- Finished resetting the current domain, in  1.591 seconds
Domain Reload Profiling: 2840ms
	BeginReloadAssembly (321ms)
		ExecutionOrderSort (0ms)
		DisableScriptedObjects (20ms)
		BackupInstance (0ms)
		ReleaseScriptingObjects (0ms)
		CreateAndSetChildDomain (91ms)
	RebuildCommonClasses (50ms)
	RebuildNativeTypeToScriptingClass (16ms)
	initialDomainReloadingComplete (43ms)
	LoadAllAssembliesAndSetupDomain (819ms)
		LoadAssemblies (574ms)
		RebuildTransferFunctionScriptingTraits (0ms)
		AnalyzeDomain (380ms)
			TypeCache.Refresh (20ms)
				TypeCache.ScanAssembly (3ms)
			BuildScriptInfoCaches (331ms)
			ResolveRequiredComponents (21ms)
	FinalizeReload (1591ms)
		ReleaseScriptCaches (0ms)
		RebuildScriptCaches (0ms)
		SetupLoadedEditorAssemblies (1055ms)
			LogAssemblyErrors (0ms)
			InitializePlatformSupportModulesInManaged (6ms)
			SetLoadedEditorAssemblies (9ms)
			BeforeProcessingInitializeOnLoad (156ms)
			ProcessInitializeOnLoadAttributes (590ms)
			ProcessInitializeOnLoadMethodAttributes (286ms)
			AfterProcessingInitializeOnLoad (8ms)
			EditorAssembliesLoaded (1ms)
		ExecutionOrderSort2 (0ms)
		AwakeInstancesAfterBackupRestoration (12ms)
Refreshing native plugins compatible for Editor in 3.40 ms, found 4 plugins.
Preloading 0 native plugins for Editor in 0.00 ms.
Unloading 15 Unused Serialized files (Serialized files now loaded: 0)
Unloading 6781 unused Assets / (3.9 MB). Loaded Objects now: 7588.
Memory consumption went from 173.6 MB to 169.7 MB.
Total: 12.463400 ms (FindLiveObjects: 0.848200 ms CreateObjectMapping: 0.651200 ms MarkObjects: 7.317700 ms  DeleteObjects: 3.643200 ms)

Prepare: number of updated asset objects reloaded= 0
========================================================================
Received Import Request.
  Time since last request: 179.201228 seconds.
  path: ProjectSettings/TagManager.asset
  artifactKey: Guid(00000000000000003000000000000000) Importer(815301076,1909f56bfc062723c751e8b465ee728b)
Start importing ProjectSettings/TagManager.asset using Guid(00000000000000003000000000000000) Importer(815301076,1909f56bfc062723c751e8b465ee728b) (PreviewImporter)[PhysX] Initialized MultithreadedTaskDispatcher with 8 workers.
 -> (artifact id: '06dd9724c97f5889b92d51e4229e657a') in 0.0326831 seconds
Number of updated asset objects reloaded before import = 0Number of asset objects unloaded after import = 0

========================================================================
Received Import Request.
  Time since last request: 26.485672 seconds.
  path: ProjectSettings/TagManager.asset
  artifactKey: Guid(00000000000000003000000000000000) Importer(815301076,1909f56bfc062723c751e8b465ee728b)
Start importing ProjectSettings/TagManager.asset using Guid(00000000000000003000000000000000) Importer(815301076,1909f56bfc062723c751e8b465ee728b) (PreviewImporter)[PhysX] Initialized MultithreadedTaskDispatcher with 8 workers.
 -> (artifact id: '7a54d48989da936fcb3f2c827a1f5bb2') in 0.002007 seconds
Number of updated asset objects reloaded before import = 0Number of asset objects unloaded after import = 0

========================================================================
Received Prepare
Refreshing native plugins compatible for Editor in 11.08 ms, found 4 plugins.
Preloading 0 native plugins for Editor in 0.00 ms.
Unloading 15 Unused Serialized files (Serialized files now loaded: 0)
Unloading 6772 unused Assets / (4.5 MB). Loaded Objects now: 7589.
Memory consumption went from 173.7 MB to 169.2 MB.
Total: 45.398300 ms (FindLiveObjects: 2.241700 ms CreateObjectMapping: 1.830200 ms MarkObjects: 32.431700 ms  DeleteObjects: 8.886400 ms)

Prepare: number of updated asset objects reloaded= 0
========================================================================
Received Prepare
Begin MonoManager ReloadAssembly
Symbol file LoadedFromMemory is not a mono symbol file
- Loaded All Assemblies, in  3.377 seconds
Refreshing native plugins compatible for Editor in 9.08 ms, found 4 plugins.
Native extension for WindowsStandalone target not found
Native extension for WebGL target not found
The project currently uses the compatibility mode where the Render Graph API is disabled. Support for this mode will be removed in future Unity versions. Migrate existing ScriptableRenderPasses to the new RenderGraph API. After the migration, disable the compatibility mode in Edit > Projects Settings > Graphics > Render Graph.
UnityEngine.Debug:ExtractStackTraceNoAlloc (byte*,int,string)
UnityEngine.StackTraceUtility:ExtractStackTrace ()
UnityEngine.DebugLogHandler:Internal_Log (UnityEngine.LogType,UnityEngine.LogOption,string,UnityEngine.Object)
UnityEngine.DebugLogHandler:LogFormat (UnityEngine.LogType,UnityEngine.Object,string,object[])
UnityEngine.Logger:Log (UnityEngine.LogType,object)
UnityEngine.Debug:LogWarning (object)
UnityEngine.Rendering.Universal.WarnUsingNonRenderGraph:EmitConsoleWarning () (at ./Library/PackageCache/com.unity.render-pipelines.universal/Runtime/Data/UniversalRenderPipelineAsset.cs:438)
System.Reflection.RuntimeMethodInfo:Invoke (object,System.Reflection.BindingFlags,System.Reflection.Binder,object[],System.Globalization.CultureInfo)
System.Reflection.MethodBase:Invoke (object,object[])
UnityEditor.EditorAssemblies:ProcessInitializeOnLoadMethodAttributes ()

(Filename: ./Library/PackageCache/com.unity.render-pipelines.universal/Runtime/Data/UniversalRenderPipelineAsset.cs Line: 438)

Mono: successfully reloaded assembly
- Finished resetting the current domain, in  4.280 seconds
Domain Reload Profiling: 7651ms
	BeginReloadAssembly (816ms)
		ExecutionOrderSort (0ms)
		DisableScriptedObjects (52ms)
		BackupInstance (0ms)
		ReleaseScriptingObjects (0ms)
		CreateAndSetChildDomain (177ms)
	RebuildCommonClasses (196ms)
	RebuildNativeTypeToScriptingClass (69ms)
	initialDomainReloadingComplete (118ms)
	LoadAllAssembliesAndSetupDomain (2169ms)
		LoadAssemblies (1519ms)
		RebuildTransferFunctionScriptingTraits (0ms)
		AnalyzeDomain (1086ms)
			TypeCache.Refresh (38ms)
				TypeCache.ScanAssembly (5ms)
			BuildScriptInfoCaches (955ms)
			ResolveRequiredComponents (73ms)
	FinalizeReload (4282ms)
		ReleaseScriptCaches (0ms)
		RebuildScriptCaches (0ms)
		SetupLoadedEditorAssemblies (2837ms)
			LogAssemblyErrors (0ms)
			InitializePlatformSupportModulesInManaged (14ms)
			SetLoadedEditorAssemblies (22ms)
			BeforeProcessingInitializeOnLoad (320ms)
			ProcessInitializeOnLoadAttributes (1603ms)
			ProcessInitializeOnLoadMethodAttributes (848ms)
			AfterProcessingInitializeOnLoad (29ms)
			EditorAssembliesLoaded (1ms)
		ExecutionOrderSort2 (0ms)
		AwakeInstancesAfterBackupRestoration (54ms)
Refreshing native plugins compatible for Editor in 9.01 ms, found 4 plugins.
Preloading 0 native plugins for Editor in 0.00 ms.
Unloading 15 Unused Serialized files (Serialized files now loaded: 0)
Unloading 6782 unused Assets / (5.0 MB). Loaded Objects now: 7591.
Memory consumption went from 173.6 MB to 168.6 MB.
Total: 30.592100 ms (FindLiveObjects: 1.356600 ms CreateObjectMapping: 2.415100 ms MarkObjects: 18.331100 ms  DeleteObjects: 8.486700 ms)

Prepare: number of updated asset objects reloaded= 0
========================================================================
Received Prepare
Begin MonoManager ReloadAssembly
Symbol file LoadedFromMemory is not a mono symbol file
- Loaded All Assemblies, in  1.301 seconds
Refreshing native plugins compatible for Editor in 2.08 ms, found 4 plugins.
Native extension for WindowsStandalone target not found
Native extension for WebGL target not found
The project currently uses the compatibility mode where the Render Graph API is disabled. Support for this mode will be removed in future Unity versions. Migrate existing ScriptableRenderPasses to the new RenderGraph API. After the migration, disable the compatibility mode in Edit > Projects Settings > Graphics > Render Graph.
UnityEngine.Debug:ExtractStackTraceNoAlloc (byte*,int,string)
UnityEngine.StackTraceUtility:ExtractStackTrace ()
UnityEngine.DebugLogHandler:Internal_Log (UnityEngine.LogType,UnityEngine.LogOption,string,UnityEngine.Object)
UnityEngine.DebugLogHandler:LogFormat (UnityEngine.LogType,UnityEngine.Object,string,object[])
UnityEngine.Logger:Log (UnityEngine.LogType,object)
UnityEngine.Debug:LogWarning (object)
UnityEngine.Rendering.Universal.WarnUsingNonRenderGraph:EmitConsoleWarning () (at ./Library/PackageCache/com.unity.render-pipelines.universal/Runtime/Data/UniversalRenderPipelineAsset.cs:438)
System.Reflection.RuntimeMethodInfo:Invoke (object,System.Reflection.BindingFlags,System.Reflection.Binder,object[],System.Globalization.CultureInfo)
System.Reflection.MethodBase:Invoke (object,object[])
UnityEditor.EditorAssemblies:ProcessInitializeOnLoadMethodAttributes ()

(Filename: ./Library/PackageCache/com.unity.render-pipelines.universal/Runtime/Data/UniversalRenderPipelineAsset.cs Line: 438)

Mono: successfully reloaded assembly
- Finished resetting the current domain, in  1.463 seconds
Domain Reload Profiling: 2761ms
	BeginReloadAssembly (328ms)
		ExecutionOrderSort (0ms)
		DisableScriptedObjects (18ms)
		BackupInstance (0ms)
		ReleaseScriptingObjects (0ms)
		CreateAndSetChildDomain (92ms)
	RebuildCommonClasses (51ms)
	RebuildNativeTypeToScriptingClass (16ms)
	initialDomainReloadingComplete (44ms)
	LoadAllAssembliesAndSetupDomain (857ms)
		LoadAssemblies (587ms)
		RebuildTransferFunctionScriptingTraits (0ms)
		AnalyzeDomain (420ms)
			TypeCache.Refresh (18ms)
				TypeCache.ScanAssembly (2ms)
			BuildScriptInfoCaches (370ms)
			ResolveRequiredComponents (23ms)
	FinalizeReload (1464ms)
		ReleaseScriptCaches (0ms)
		RebuildScriptCaches (0ms)
		SetupLoadedEditorAssemblies (1046ms)
			LogAssemblyErrors (0ms)
			InitializePlatformSupportModulesInManaged (5ms)
			SetLoadedEditorAssemblies (8ms)
			BeforeProcessingInitializeOnLoad (119ms)
			ProcessInitializeOnLoadAttributes (591ms)
			ProcessInitializeOnLoadMethodAttributes (316ms)
			AfterProcessingInitializeOnLoad (7ms)
			EditorAssembliesLoaded (0ms)
		ExecutionOrderSort2 (0ms)
		AwakeInstancesAfterBackupRestoration (12ms)
Refreshing native plugins compatible for Editor in 3.59 ms, found 4 plugins.
Preloading 0 native plugins for Editor in 0.00 ms.
Unloading 15 Unused Serialized files (Serialized files now loaded: 0)
Unloading 6782 unused Assets / (4.2 MB). Loaded Objects now: 7593.
Memory consumption went from 175.5 MB to 171.3 MB.
Total: 15.905900 ms (FindLiveObjects: 1.233400 ms CreateObjectMapping: 1.010800 ms MarkObjects: 9.664100 ms  DeleteObjects: 3.995900 ms)

Prepare: number of updated asset objects reloaded= 0
========================================================================
Received Prepare
Begin MonoManager ReloadAssembly
Symbol file LoadedFromMemory is not a mono symbol file
- Loaded All Assemblies, in  1.267 seconds
Refreshing native plugins compatible for Editor in 2.27 ms, found 4 plugins.
Native extension for WindowsStandalone target not found
Native extension for WebGL target not found
The project currently uses the compatibility mode where the Render Graph API is disabled. Support for this mode will be removed in future Unity versions. Migrate existing ScriptableRenderPasses to the new RenderGraph API. After the migration, disable the compatibility mode in Edit > Projects Settings > Graphics > Render Graph.
UnityEngine.Debug:ExtractStackTraceNoAlloc (byte*,int,string)
UnityEngine.StackTraceUtility:ExtractStackTrace ()
UnityEngine.DebugLogHandler:Internal_Log (UnityEngine.LogType,UnityEngine.LogOption,string,UnityEngine.Object)
UnityEngine.DebugLogHandler:LogFormat (UnityEngine.LogType,UnityEngine.Object,string,object[])
UnityEngine.Logger:Log (UnityEngine.LogType,object)
UnityEngine.Debug:LogWarning (object)
UnityEngine.Rendering.Universal.WarnUsingNonRenderGraph:EmitConsoleWarning () (at ./Library/PackageCache/com.unity.render-pipelines.universal/Runtime/Data/UniversalRenderPipelineAsset.cs:438)
System.Reflection.RuntimeMethodInfo:Invoke (object,System.Reflection.BindingFlags,System.Reflection.Binder,object[],System.Globalization.CultureInfo)
System.Reflection.MethodBase:Invoke (object,object[])
UnityEditor.EditorAssemblies:ProcessInitializeOnLoadMethodAttributes ()

(Filename: ./Library/PackageCache/com.unity.render-pipelines.universal/Runtime/Data/UniversalRenderPipelineAsset.cs Line: 438)

Mono: successfully reloaded assembly
- Finished resetting the current domain, in  1.443 seconds
Domain Reload Profiling: 2705ms
	BeginReloadAssembly (312ms)
		ExecutionOrderSort (0ms)
		DisableScriptedObjects (26ms)
		BackupInstance (0ms)
		ReleaseScriptingObjects (1ms)
		CreateAndSetChildDomain (86ms)
	RebuildCommonClasses (59ms)
	RebuildNativeTypeToScriptingClass (20ms)
	initialDomainReloadingComplete (48ms)
	LoadAllAssembliesAndSetupDomain (823ms)
		LoadAssemblies (559ms)
		RebuildTransferFunctionScriptingTraits (0ms)
		AnalyzeDomain (394ms)
			TypeCache.Refresh (18ms)
				TypeCache.ScanAssembly (2ms)
			BuildScriptInfoCaches (338ms)
			ResolveRequiredComponents (29ms)
	FinalizeReload (1443ms)
		ReleaseScriptCaches (0ms)
		RebuildScriptCaches (0ms)
		SetupLoadedEditorAssemblies (977ms)
			LogAssemblyErrors (0ms)
			InitializePlatformSupportModulesInManaged (4ms)
			SetLoadedEditorAssemblies (8ms)
			BeforeProcessingInitializeOnLoad (127ms)
			ProcessInitializeOnLoadAttributes (518ms)
			ProcessInitializeOnLoadMethodAttributes (308ms)
			AfterProcessingInitializeOnLoad (11ms)
			EditorAssembliesLoaded (1ms)
		ExecutionOrderSort2 (0ms)
		AwakeInstancesAfterBackupRestoration (17ms)
Refreshing native plugins compatible for Editor in 2.36 ms, found 4 plugins.
Preloading 0 native plugins for Editor in 0.00 ms.
Unloading 15 Unused Serialized files (Serialized files now loaded: 0)
Unloading 6782 unused Assets / (4.5 MB). Loaded Objects now: 7595.
Memory consumption went from 175.5 MB to 171.1 MB.
Total: 10.090900 ms (FindLiveObjects: 0.692700 ms CreateObjectMapping: 0.622600 ms MarkObjects: 6.264600 ms  DeleteObjects: 2.509200 ms)

Prepare: number of updated asset objects reloaded= 0
========================================================================
Received Prepare
Begin MonoManager ReloadAssembly
Symbol file LoadedFromMemory is not a mono symbol file
- Loaded All Assemblies, in  1.288 seconds
Refreshing native plugins compatible for Editor in 3.09 ms, found 4 plugins.
Native extension for WindowsStandalone target not found
Native extension for WebGL target not found
The project currently uses the compatibility mode where the Render Graph API is disabled. Support for this mode will be removed in future Unity versions. Migrate existing ScriptableRenderPasses to the new RenderGraph API. After the migration, disable the compatibility mode in Edit > Projects Settings > Graphics > Render Graph.
UnityEngine.Debug:ExtractStackTraceNoAlloc (byte*,int,string)
UnityEngine.StackTraceUtility:ExtractStackTrace ()
UnityEngine.DebugLogHandler:Internal_Log (UnityEngine.LogType,UnityEngine.LogOption,string,UnityEngine.Object)
UnityEngine.DebugLogHandler:LogFormat (UnityEngine.LogType,UnityEngine.Object,string,object[])
UnityEngine.Logger:Log (UnityEngine.LogType,object)
UnityEngine.Debug:LogWarning (object)
UnityEngine.Rendering.Universal.WarnUsingNonRenderGraph:EmitConsoleWarning () (at ./Library/PackageCache/com.unity.render-pipelines.universal/Runtime/Data/UniversalRenderPipelineAsset.cs:438)
System.Reflection.RuntimeMethodInfo:Invoke (object,System.Reflection.BindingFlags,System.Reflection.Binder,object[],System.Globalization.CultureInfo)
System.Reflection.MethodBase:Invoke (object,object[])
UnityEditor.EditorAssemblies:ProcessInitializeOnLoadMethodAttributes ()

(Filename: ./Library/PackageCache/com.unity.render-pipelines.universal/Runtime/Data/UniversalRenderPipelineAsset.cs Line: 438)

Mono: successfully reloaded assembly
- Finished resetting the current domain, in  1.408 seconds
Domain Reload Profiling: 2698ms
	BeginReloadAssembly (314ms)
		ExecutionOrderSort (0ms)
		DisableScriptedObjects (21ms)
		BackupInstance (0ms)
		ReleaseScriptingObjects (0ms)
		CreateAndSetChildDomain (89ms)
	RebuildCommonClasses (66ms)
	RebuildNativeTypeToScriptingClass (18ms)
	initialDomainReloadingComplete (38ms)
	LoadAllAssembliesAndSetupDomain (853ms)
		LoadAssemblies (592ms)
		RebuildTransferFunctionScriptingTraits (0ms)
		AnalyzeDomain (396ms)
			TypeCache.Refresh (19ms)
				TypeCache.ScanAssembly (3ms)
			BuildScriptInfoCaches (341ms)
			ResolveRequiredComponents (26ms)
	FinalizeReload (1408ms)
		ReleaseScriptCaches (0ms)
		RebuildScriptCaches (0ms)
		SetupLoadedEditorAssemblies (972ms)
			LogAssemblyErrors (0ms)
			InitializePlatformSupportModulesInManaged (4ms)
			SetLoadedEditorAssemblies (8ms)
			BeforeProcessingInitializeOnLoad (120ms)
			ProcessInitializeOnLoadAttributes (548ms)
			ProcessInitializeOnLoadMethodAttributes (286ms)
			AfterProcessingInitializeOnLoad (6ms)
			EditorAssembliesLoaded (1ms)
		ExecutionOrderSort2 (0ms)
		AwakeInstancesAfterBackupRestoration (16ms)
Refreshing native plugins compatible for Editor in 3.47 ms, found 4 plugins.
Preloading 0 native plugins for Editor in 0.00 ms.
Unloading 15 Unused Serialized files (Serialized files now loaded: 0)
Unloading 6782 unused Assets / (4.6 MB). Loaded Objects now: 7597.
Memory consumption went from 175.5 MB to 170.9 MB.
Total: 16.856200 ms (FindLiveObjects: 1.229800 ms CreateObjectMapping: 0.786900 ms MarkObjects: 10.024200 ms  DeleteObjects: 4.813200 ms)

Prepare: number of updated asset objects reloaded= 0
========================================================================
Received Import Request.
  Time since last request: 1460.505563 seconds.
  path: Assets/Scripts/CFGEditor/JSONUtils
  artifactKey: Guid(aebdd21d5d40cf84d8041c9c3c1f528e) Importer(815301076,1909f56bfc062723c751e8b465ee728b)
Start importing Assets/Scripts/CFGEditor/JSONUtils using Guid(aebdd21d5d40cf84d8041c9c3c1f528e) Importer(815301076,1909f56bfc062723c751e8b465ee728b) (PreviewImporter)[PhysX] Initialized MultithreadedTaskDispatcher with 8 workers.
 -> (artifact id: 'a387cb580b2a1c997c7170085bd22520') in 0.0652952 seconds
Number of updated asset objects reloaded before import = 0Number of asset objects unloaded after import = 0

========================================================================
Received Prepare
Refreshing native plugins compatible for Editor in 3.43 ms, found 4 plugins.
Preloading 0 native plugins for Editor in 0.00 ms.
Unloading 15 Unused Serialized files (Serialized files now loaded: 0)
Unloading 6772 unused Assets / (4.3 MB). Loaded Objects now: 7598.
Memory consumption went from 175.7 MB to 171.4 MB.
Total: 12.690000 ms (FindLiveObjects: 0.739600 ms CreateObjectMapping: 0.737100 ms MarkObjects: 8.304900 ms  DeleteObjects: 2.906900 ms)

Prepare: number of updated asset objects reloaded= 0
========================================================================
Received Import Request.
  Time since last request: 9.954158 seconds.
  path: Assets/Scripts/CFGEditor/JSONUtils/CFGJSONButtonsBehaviour.cs
  artifactKey: Guid(cba4e2829f5c72b4f94bf8280c31dd24) Importer(815301076,1909f56bfc062723c751e8b465ee728b)
Start importing Assets/Scripts/CFGEditor/JSONUtils/CFGJSONButtonsBehaviour.cs using Guid(cba4e2829f5c72b4f94bf8280c31dd24) Importer(815301076,1909f56bfc062723c751e8b465ee728b) (PreviewImporter)[PhysX] Initialized MultithreadedTaskDispatcher with 8 workers.
 -> (artifact id: '25f8cecb614aa704f3c5b2678bd4547c') in 0.0098536 seconds
Number of updated asset objects reloaded before import = 0Number of asset objects unloaded after import = 0

========================================================================
Received Prepare
Begin MonoManager ReloadAssembly
Symbol file LoadedFromMemory is not a mono symbol file
- Loaded All Assemblies, in  1.248 seconds
Refreshing native plugins compatible for Editor in 5.59 ms, found 4 plugins.
Native extension for WindowsStandalone target not found
Native extension for WebGL target not found
The project currently uses the compatibility mode where the Render Graph API is disabled. Support for this mode will be removed in future Unity versions. Migrate existing ScriptableRenderPasses to the new RenderGraph API. After the migration, disable the compatibility mode in Edit > Projects Settings > Graphics > Render Graph.
UnityEngine.Debug:ExtractStackTraceNoAlloc (byte*,int,string)
UnityEngine.StackTraceUtility:ExtractStackTrace ()
UnityEngine.DebugLogHandler:Internal_Log (UnityEngine.LogType,UnityEngine.LogOption,string,UnityEngine.Object)
UnityEngine.DebugLogHandler:LogFormat (UnityEngine.LogType,UnityEngine.Object,string,object[])
UnityEngine.Logger:Log (UnityEngine.LogType,object)
UnityEngine.Debug:LogWarning (object)
UnityEngine.Rendering.Universal.WarnUsingNonRenderGraph:EmitConsoleWarning () (at ./Library/PackageCache/com.unity.render-pipelines.universal/Runtime/Data/UniversalRenderPipelineAsset.cs:438)
System.Reflection.RuntimeMethodInfo:Invoke (object,System.Reflection.BindingFlags,System.Reflection.Binder,object[],System.Globalization.CultureInfo)
System.Reflection.MethodBase:Invoke (object,object[])
UnityEditor.EditorAssemblies:ProcessInitializeOnLoadMethodAttributes ()

(Filename: ./Library/PackageCache/com.unity.render-pipelines.universal/Runtime/Data/UniversalRenderPipelineAsset.cs Line: 438)

Mono: successfully reloaded assembly
- Finished resetting the current domain, in  1.539 seconds
Domain Reload Profiling: 2782ms
	BeginReloadAssembly (317ms)
		ExecutionOrderSort (0ms)
		DisableScriptedObjects (28ms)
		BackupInstance (0ms)
		ReleaseScriptingObjects (0ms)
		CreateAndSetChildDomain (75ms)
	RebuildCommonClasses (53ms)
	RebuildNativeTypeToScriptingClass (22ms)
	initialDomainReloadingComplete (48ms)
	LoadAllAssembliesAndSetupDomain (802ms)
		LoadAssemblies (598ms)
		RebuildTransferFunctionScriptingTraits (0ms)
		AnalyzeDomain (354ms)
			TypeCache.Refresh (18ms)
				TypeCache.ScanAssembly (2ms)
			BuildScriptInfoCaches (307ms)
			ResolveRequiredComponents (21ms)
	FinalizeReload (1540ms)
		ReleaseScriptCaches (0ms)
		RebuildScriptCaches (0ms)
		SetupLoadedEditorAssemblies (1007ms)
			LogAssemblyErrors (0ms)
			InitializePlatformSupportModulesInManaged (6ms)
			SetLoadedEditorAssemblies (9ms)
			BeforeProcessingInitializeOnLoad (119ms)
			ProcessInitializeOnLoadAttributes (583ms)
			ProcessInitializeOnLoadMethodAttributes (282ms)
			AfterProcessingInitializeOnLoad (8ms)
			EditorAssembliesLoaded (0ms)
		ExecutionOrderSort2 (0ms)
		AwakeInstancesAfterBackupRestoration (17ms)
Refreshing native plugins compatible for Editor in 3.44 ms, found 4 plugins.
Preloading 0 native plugins for Editor in 0.00 ms.
Unloading 15 Unused Serialized files (Serialized files now loaded: 0)
Unloading 6783 unused Assets / (4.5 MB). Loaded Objects now: 7600.
Memory consumption went from 175.5 MB to 171.0 MB.
Total: 11.076200 ms (FindLiveObjects: 0.820900 ms CreateObjectMapping: 0.735000 ms MarkObjects: 6.471300 ms  DeleteObjects: 3.047600 ms)

Prepare: number of updated asset objects reloaded= 0
========================================================================
Received Prepare
Begin MonoManager ReloadAssembly
Symbol file LoadedFromMemory is not a mono symbol file
- Loaded All Assemblies, in  1.250 seconds
Refreshing native plugins compatible for Editor in 4.27 ms, found 4 plugins.
Native extension for WindowsStandalone target not found
Native extension for WebGL target not found
The project currently uses the compatibility mode where the Render Graph API is disabled. Support for this mode will be removed in future Unity versions. Migrate existing ScriptableRenderPasses to the new RenderGraph API. After the migration, disable the compatibility mode in Edit > Projects Settings > Graphics > Render Graph.
UnityEngine.Debug:ExtractStackTraceNoAlloc (byte*,int,string)
UnityEngine.StackTraceUtility:ExtractStackTrace ()
UnityEngine.DebugLogHandler:Internal_Log (UnityEngine.LogType,UnityEngine.LogOption,string,UnityEngine.Object)
UnityEngine.DebugLogHandler:LogFormat (UnityEngine.LogType,UnityEngine.Object,string,object[])
UnityEngine.Logger:Log (UnityEngine.LogType,object)
UnityEngine.Debug:LogWarning (object)
UnityEngine.Rendering.Universal.WarnUsingNonRenderGraph:EmitConsoleWarning () (at ./Library/PackageCache/com.unity.render-pipelines.universal/Runtime/Data/UniversalRenderPipelineAsset.cs:438)
System.Reflection.RuntimeMethodInfo:Invoke (object,System.Reflection.BindingFlags,System.Reflection.Binder,object[],System.Globalization.CultureInfo)
System.Reflection.MethodBase:Invoke (object,object[])
UnityEditor.EditorAssemblies:ProcessInitializeOnLoadMethodAttributes ()

(Filename: ./Library/PackageCache/com.unity.render-pipelines.universal/Runtime/Data/UniversalRenderPipelineAsset.cs Line: 438)

Mono: successfully reloaded assembly
- Finished resetting the current domain, in  2.033 seconds
Domain Reload Profiling: 3279ms
	BeginReloadAssembly (331ms)
		ExecutionOrderSort (0ms)
		DisableScriptedObjects (23ms)
		BackupInstance (0ms)
		ReleaseScriptingObjects (0ms)
		CreateAndSetChildDomain (79ms)
	RebuildCommonClasses (58ms)
	RebuildNativeTypeToScriptingClass (17ms)
	initialDomainReloadingComplete (46ms)
	LoadAllAssembliesAndSetupDomain (793ms)
		LoadAssemblies (580ms)
		RebuildTransferFunctionScriptingTraits (0ms)
		AnalyzeDomain (376ms)
			TypeCache.Refresh (9ms)
				TypeCache.ScanAssembly (0ms)
			BuildScriptInfoCaches (333ms)
			ResolveRequiredComponents (24ms)
	FinalizeReload (2034ms)
		ReleaseScriptCaches (0ms)
		RebuildScriptCaches (0ms)
		SetupLoadedEditorAssemblies (1405ms)
			LogAssemblyErrors (0ms)
			InitializePlatformSupportModulesInManaged (6ms)
			SetLoadedEditorAssemblies (12ms)
			BeforeProcessingInitializeOnLoad (161ms)
			ProcessInitializeOnLoadAttributes (799ms)
			ProcessInitializeOnLoadMethodAttributes (418ms)
			AfterProcessingInitializeOnLoad (8ms)
			EditorAssembliesLoaded (0ms)
		ExecutionOrderSort2 (0ms)
		AwakeInstancesAfterBackupRestoration (15ms)
Refreshing native plugins compatible for Editor in 4.43 ms, found 4 plugins.
Preloading 0 native plugins for Editor in 0.00 ms.
Unloading 15 Unused Serialized files (Serialized files now loaded: 0)
Unloading 6783 unused Assets / (4.9 MB). Loaded Objects now: 7602.
Memory consumption went from 175.5 MB to 170.7 MB.
Total: 22.079500 ms (FindLiveObjects: 1.156600 ms CreateObjectMapping: 0.977400 ms MarkObjects: 14.925000 ms  DeleteObjects: 5.016800 ms)

Prepare: number of updated asset objects reloaded= 0
========================================================================
Received Prepare
Begin MonoManager ReloadAssembly
Symbol file LoadedFromMemory is not a mono symbol file
- Loaded All Assemblies, in  1.219 seconds
Refreshing native plugins compatible for Editor in 4.80 ms, found 4 plugins.
Native extension for WindowsStandalone target not found
Native extension for WebGL target not found
The project currently uses the compatibility mode where the Render Graph API is disabled. Support for this mode will be removed in future Unity versions. Migrate existing ScriptableRenderPasses to the new RenderGraph API. After the migration, disable the compatibility mode in Edit > Projects Settings > Graphics > Render Graph.
UnityEngine.Debug:ExtractStackTraceNoAlloc (byte*,int,string)
UnityEngine.StackTraceUtility:ExtractStackTrace ()
UnityEngine.DebugLogHandler:Internal_Log (UnityEngine.LogType,UnityEngine.LogOption,string,UnityEngine.Object)
UnityEngine.DebugLogHandler:LogFormat (UnityEngine.LogType,UnityEngine.Object,string,object[])
UnityEngine.Logger:Log (UnityEngine.LogType,object)
UnityEngine.Debug:LogWarning (object)
UnityEngine.Rendering.Universal.WarnUsingNonRenderGraph:EmitConsoleWarning () (at ./Library/PackageCache/com.unity.render-pipelines.universal/Runtime/Data/UniversalRenderPipelineAsset.cs:438)
System.Reflection.RuntimeMethodInfo:Invoke (object,System.Reflection.BindingFlags,System.Reflection.Binder,object[],System.Globalization.CultureInfo)
System.Reflection.MethodBase:Invoke (object,object[])
UnityEditor.EditorAssemblies:ProcessInitializeOnLoadMethodAttributes ()

(Filename: ./Library/PackageCache/com.unity.render-pipelines.universal/Runtime/Data/UniversalRenderPipelineAsset.cs Line: 438)

Mono: successfully reloaded assembly
- Finished resetting the current domain, in  2.018 seconds
Domain Reload Profiling: 3238ms
	BeginReloadAssembly (302ms)
		ExecutionOrderSort (0ms)
		DisableScriptedObjects (17ms)
		BackupInstance (0ms)
		ReleaseScriptingObjects (0ms)
		CreateAndSetChildDomain (74ms)
	RebuildCommonClasses (52ms)
	RebuildNativeTypeToScriptingClass (20ms)
	initialDomainReloadingComplete (47ms)
	LoadAllAssembliesAndSetupDomain (798ms)
		LoadAssemblies (568ms)
		RebuildTransferFunctionScriptingTraits (0ms)
		AnalyzeDomain (372ms)
			TypeCache.Refresh (11ms)
				TypeCache.ScanAssembly (0ms)
			BuildScriptInfoCaches (334ms)
			ResolveRequiredComponents (20ms)
	FinalizeReload (2019ms)
		ReleaseScriptCaches (0ms)
		RebuildScriptCaches (0ms)
		SetupLoadedEditorAssemblies (1393ms)
			LogAssemblyErrors (0ms)
			InitializePlatformSupportModulesInManaged (6ms)
			SetLoadedEditorAssemblies (11ms)
			BeforeProcessingInitializeOnLoad (159ms)
			ProcessInitializeOnLoadAttributes (774ms)
			ProcessInitializeOnLoadMethodAttributes (428ms)
			AfterProcessingInitializeOnLoad (14ms)
			EditorAssembliesLoaded (1ms)
		ExecutionOrderSort2 (0ms)
		AwakeInstancesAfterBackupRestoration (21ms)
Refreshing native plugins compatible for Editor in 4.95 ms, found 4 plugins.
Preloading 0 native plugins for Editor in 0.00 ms.
Unloading 15 Unused Serialized files (Serialized files now loaded: 0)
Unloading 6783 unused Assets / (4.6 MB). Loaded Objects now: 7604.
Memory consumption went from 175.5 MB to 170.9 MB.
Total: 20.717900 ms (FindLiveObjects: 1.215800 ms CreateObjectMapping: 1.125300 ms MarkObjects: 12.870200 ms  DeleteObjects: 5.504600 ms)

Prepare: number of updated asset objects reloaded= 0
========================================================================
Received Prepare
Begin MonoManager ReloadAssembly
Symbol file LoadedFromMemory is not a mono symbol file
- Loaded All Assemblies, in  1.227 seconds
Refreshing native plugins compatible for Editor in 6.83 ms, found 4 plugins.
Native extension for WindowsStandalone target not found
Native extension for WebGL target not found
The project currently uses the compatibility mode where the Render Graph API is disabled. Support for this mode will be removed in future Unity versions. Migrate existing ScriptableRenderPasses to the new RenderGraph API. After the migration, disable the compatibility mode in Edit > Projects Settings > Graphics > Render Graph.
UnityEngine.Debug:ExtractStackTraceNoAlloc (byte*,int,string)
UnityEngine.StackTraceUtility:ExtractStackTrace ()
UnityEngine.DebugLogHandler:Internal_Log (UnityEngine.LogType,UnityEngine.LogOption,string,UnityEngine.Object)
UnityEngine.DebugLogHandler:LogFormat (UnityEngine.LogType,UnityEngine.Object,string,object[])
UnityEngine.Logger:Log (UnityEngine.LogType,object)
UnityEngine.Debug:LogWarning (object)
UnityEngine.Rendering.Universal.WarnUsingNonRenderGraph:EmitConsoleWarning () (at ./Library/PackageCache/com.unity.render-pipelines.universal/Runtime/Data/UniversalRenderPipelineAsset.cs:438)
System.Reflection.RuntimeMethodInfo:Invoke (object,System.Reflection.BindingFlags,System.Reflection.Binder,object[],System.Globalization.CultureInfo)
System.Reflection.MethodBase:Invoke (object,object[])
UnityEditor.EditorAssemblies:ProcessInitializeOnLoadMethodAttributes ()

(Filename: ./Library/PackageCache/com.unity.render-pipelines.universal/Runtime/Data/UniversalRenderPipelineAsset.cs Line: 438)

Mono: successfully reloaded assembly
- Finished resetting the current domain, in  2.495 seconds
Domain Reload Profiling: 3719ms
	BeginReloadAssembly (283ms)
		ExecutionOrderSort (0ms)
		DisableScriptedObjects (16ms)
		BackupInstance (0ms)
		ReleaseScriptingObjects (0ms)
		CreateAndSetChildDomain (76ms)
	RebuildCommonClasses (70ms)
	RebuildNativeTypeToScriptingClass (21ms)
	initialDomainReloadingComplete (48ms)
	LoadAllAssembliesAndSetupDomain (800ms)
		LoadAssemblies (552ms)
		RebuildTransferFunctionScriptingTraits (0ms)
		AnalyzeDomain (374ms)
			TypeCache.Refresh (11ms)
				TypeCache.ScanAssembly (0ms)
			BuildScriptInfoCaches (329ms)
			ResolveRequiredComponents (24ms)
	FinalizeReload (2496ms)
		ReleaseScriptCaches (0ms)
		RebuildScriptCaches (0ms)
		SetupLoadedEditorAssemblies (1695ms)
			LogAssemblyErrors (0ms)
			InitializePlatformSupportModulesInManaged (8ms)
			SetLoadedEditorAssemblies (13ms)
			BeforeProcessingInitializeOnLoad (177ms)
			ProcessInitializeOnLoadAttributes (984ms)
			ProcessInitializeOnLoadMethodAttributes (497ms)
			AfterProcessingInitializeOnLoad (15ms)
			EditorAssembliesLoaded (1ms)
		ExecutionOrderSort2 (0ms)
		AwakeInstancesAfterBackupRestoration (27ms)
Refreshing native plugins compatible for Editor in 3.85 ms, found 4 plugins.
Preloading 0 native plugins for Editor in 0.00 ms.
Unloading 15 Unused Serialized files (Serialized files now loaded: 0)
Unloading 6783 unused Assets / (4.5 MB). Loaded Objects now: 7606.
Memory consumption went from 175.5 MB to 171.0 MB.
Total: 15.038600 ms (FindLiveObjects: 1.164800 ms CreateObjectMapping: 1.048900 ms MarkObjects: 9.303400 ms  DeleteObjects: 3.518400 ms)

Prepare: number of updated asset objects reloaded= 0
========================================================================
Received Prepare
Begin MonoManager ReloadAssembly
Symbol file LoadedFromMemory is not a mono symbol file
- Loaded All Assemblies, in  1.223 seconds
Refreshing native plugins compatible for Editor in 5.79 ms, found 4 plugins.
Native extension for WindowsStandalone target not found
Native extension for WebGL target not found
The project currently uses the compatibility mode where the Render Graph API is disabled. Support for this mode will be removed in future Unity versions. Migrate existing ScriptableRenderPasses to the new RenderGraph API. After the migration, disable the compatibility mode in Edit > Projects Settings > Graphics > Render Graph.
UnityEngine.Debug:ExtractStackTraceNoAlloc (byte*,int,string)
UnityEngine.StackTraceUtility:ExtractStackTrace ()
UnityEngine.DebugLogHandler:Internal_Log (UnityEngine.LogType,UnityEngine.LogOption,string,UnityEngine.Object)
UnityEngine.DebugLogHandler:LogFormat (UnityEngine.LogType,UnityEngine.Object,string,object[])
UnityEngine.Logger:Log (UnityEngine.LogType,object)
UnityEngine.Debug:LogWarning (object)
UnityEngine.Rendering.Universal.WarnUsingNonRenderGraph:EmitConsoleWarning () (at ./Library/PackageCache/com.unity.render-pipelines.universal/Runtime/Data/UniversalRenderPipelineAsset.cs:438)
System.Reflection.RuntimeMethodInfo:Invoke (object,System.Reflection.BindingFlags,System.Reflection.Binder,object[],System.Globalization.CultureInfo)
System.Reflection.MethodBase:Invoke (object,object[])
UnityEditor.EditorAssemblies:ProcessInitializeOnLoadMethodAttributes ()

(Filename: ./Library/PackageCache/com.unity.render-pipelines.universal/Runtime/Data/UniversalRenderPipelineAsset.cs Line: 438)

Mono: successfully reloaded assembly
- Finished resetting the current domain, in  2.553 seconds
Domain Reload Profiling: 3777ms
	BeginReloadAssembly (285ms)
		ExecutionOrderSort (0ms)
		DisableScriptedObjects (19ms)
		BackupInstance (0ms)
		ReleaseScriptingObjects (0ms)
		CreateAndSetChildDomain (72ms)
	RebuildCommonClasses (49ms)
	RebuildNativeTypeToScriptingClass (18ms)
	initialDomainReloadingComplete (46ms)
	LoadAllAssembliesAndSetupDomain (824ms)
		LoadAssemblies (592ms)
		RebuildTransferFunctionScriptingTraits (0ms)
		AnalyzeDomain (366ms)
			TypeCache.Refresh (10ms)
				TypeCache.ScanAssembly (0ms)
			BuildScriptInfoCaches (330ms)
			ResolveRequiredComponents (20ms)
	FinalizeReload (2555ms)
		ReleaseScriptCaches (0ms)
		RebuildScriptCaches (0ms)
		SetupLoadedEditorAssemblies (1756ms)
			LogAssemblyErrors (0ms)
			InitializePlatformSupportModulesInManaged (9ms)
			SetLoadedEditorAssemblies (15ms)
			BeforeProcessingInitializeOnLoad (188ms)
			ProcessInitializeOnLoadAttributes (1018ms)
			ProcessInitializeOnLoadMethodAttributes (513ms)
			AfterProcessingInitializeOnLoad (13ms)
			EditorAssembliesLoaded (1ms)
		ExecutionOrderSort2 (0ms)
		AwakeInstancesAfterBackupRestoration (28ms)
Refreshing native plugins compatible for Editor in 6.28 ms, found 4 plugins.
Preloading 0 native plugins for Editor in 0.00 ms.
Unloading 15 Unused Serialized files (Serialized files now loaded: 0)
Unloading 6783 unused Assets / (5.1 MB). Loaded Objects now: 7608.
Memory consumption went from 175.5 MB to 170.4 MB.
Total: 19.852000 ms (FindLiveObjects: 0.951900 ms CreateObjectMapping: 1.479300 ms MarkObjects: 11.410500 ms  DeleteObjects: 6.008600 ms)

Prepare: number of updated asset objects reloaded= 0
========================================================================
Received Prepare
Begin MonoManager ReloadAssembly
Symbol file LoadedFromMemory is not a mono symbol file
- Loaded All Assemblies, in  1.253 seconds
Refreshing native plugins compatible for Editor in 4.00 ms, found 4 plugins.
Native extension for WindowsStandalone target not found
Native extension for WebGL target not found
The project currently uses the compatibility mode where the Render Graph API is disabled. Support for this mode will be removed in future Unity versions. Migrate existing ScriptableRenderPasses to the new RenderGraph API. After the migration, disable the compatibility mode in Edit > Projects Settings > Graphics > Render Graph.
UnityEngine.Debug:ExtractStackTraceNoAlloc (byte*,int,string)
UnityEngine.StackTraceUtility:ExtractStackTrace ()
UnityEngine.DebugLogHandler:Internal_Log (UnityEngine.LogType,UnityEngine.LogOption,string,UnityEngine.Object)
UnityEngine.DebugLogHandler:LogFormat (UnityEngine.LogType,UnityEngine.Object,string,object[])
UnityEngine.Logger:Log (UnityEngine.LogType,object)
UnityEngine.Debug:LogWarning (object)
UnityEngine.Rendering.Universal.WarnUsingNonRenderGraph:EmitConsoleWarning () (at ./Library/PackageCache/com.unity.render-pipelines.universal/Runtime/Data/UniversalRenderPipelineAsset.cs:438)
System.Reflection.RuntimeMethodInfo:Invoke (object,System.Reflection.BindingFlags,System.Reflection.Binder,object[],System.Globalization.CultureInfo)
System.Reflection.MethodBase:Invoke (object,object[])
UnityEditor.EditorAssemblies:ProcessInitializeOnLoadMethodAttributes ()

(Filename: ./Library/PackageCache/com.unity.render-pipelines.universal/Runtime/Data/UniversalRenderPipelineAsset.cs Line: 438)

Mono: successfully reloaded assembly
- Finished resetting the current domain, in  2.536 seconds
Domain Reload Profiling: 3787ms
	BeginReloadAssembly (302ms)
		ExecutionOrderSort (0ms)
		DisableScriptedObjects (17ms)
		BackupInstance (0ms)
		ReleaseScriptingObjects (0ms)
		CreateAndSetChildDomain (75ms)
	RebuildCommonClasses (57ms)
	RebuildNativeTypeToScriptingClass (23ms)
	initialDomainReloadingComplete (46ms)
	LoadAllAssembliesAndSetupDomain (822ms)
		LoadAssemblies (565ms)
		RebuildTransferFunctionScriptingTraits (0ms)
		AnalyzeDomain (399ms)
			TypeCache.Refresh (16ms)
				TypeCache.ScanAssembly (0ms)
			BuildScriptInfoCaches (346ms)
			ResolveRequiredComponents (30ms)
	FinalizeReload (2537ms)
		ReleaseScriptCaches (0ms)
		RebuildScriptCaches (0ms)
		SetupLoadedEditorAssemblies (1752ms)
			LogAssemblyErrors (0ms)
			InitializePlatformSupportModulesInManaged (11ms)
			SetLoadedEditorAssemblies (16ms)
			BeforeProcessingInitializeOnLoad (199ms)
			ProcessInitializeOnLoadAttributes (952ms)
			ProcessInitializeOnLoadMethodAttributes (558ms)
			AfterProcessingInitializeOnLoad (16ms)
			EditorAssembliesLoaded (1ms)
		ExecutionOrderSort2 (0ms)
		AwakeInstancesAfterBackupRestoration (27ms)
Refreshing native plugins compatible for Editor in 4.88 ms, found 4 plugins.
Preloading 0 native plugins for Editor in 0.00 ms.
Unloading 15 Unused Serialized files (Serialized files now loaded: 0)
Unloading 6783 unused Assets / (4.6 MB). Loaded Objects now: 7610.
Memory consumption went from 175.5 MB to 171.0 MB.
Total: 23.779500 ms (FindLiveObjects: 1.850000 ms CreateObjectMapping: 1.588000 ms MarkObjects: 15.195300 ms  DeleteObjects: 5.143000 ms)

Prepare: number of updated asset objects reloaded= 0
========================================================================
Received Prepare
Refreshing native plugins compatible for Editor in 3.49 ms, found 4 plugins.
Preloading 0 native plugins for Editor in 0.00 ms.
Unloading 15 Unused Serialized files (Serialized files now loaded: 0)
Unloading 6773 unused Assets / (4.5 MB). Loaded Objects now: 7611.
Memory consumption went from 175.7 MB to 171.2 MB.
Total: 13.237100 ms (FindLiveObjects: 1.132300 ms CreateObjectMapping: 0.695400 ms MarkObjects: 8.669100 ms  DeleteObjects: 2.738100 ms)

Prepare: number of updated asset objects reloaded= 0
========================================================================
Received Import Request.
  Time since last request: 467.161299 seconds.
  path: Assets/Scripts/CFGEditor/CFGProductionListManager.cs
  artifactKey: Guid(bd472cb9e2f7ba34abf2777cbb9275aa) Importer(815301076,1909f56bfc062723c751e8b465ee728b)
Start importing Assets/Scripts/CFGEditor/CFGProductionListManager.cs using Guid(bd472cb9e2f7ba34abf2777cbb9275aa) Importer(815301076,1909f56bfc062723c751e8b465ee728b) (PreviewImporter)[PhysX] Initialized MultithreadedTaskDispatcher with 8 workers.
 -> (artifact id: 'cb07daceb505cc94e5cf676c44d34cde') in 0.094521 seconds
Number of updated asset objects reloaded before import = 0Number of asset objects unloaded after import = 0

========================================================================
Received Prepare
Begin MonoManager ReloadAssembly
Symbol file LoadedFromMemory is not a mono symbol file
- Loaded All Assemblies, in  3.550 seconds
Refreshing native plugins compatible for Editor in 7.86 ms, found 4 plugins.
Native extension for WindowsStandalone target not found
Native extension for WebGL target not found
The project currently uses the compatibility mode where the Render Graph API is disabled. Support for this mode will be removed in future Unity versions. Migrate existing ScriptableRenderPasses to the new RenderGraph API. After the migration, disable the compatibility mode in Edit > Projects Settings > Graphics > Render Graph.
UnityEngine.Debug:ExtractStackTraceNoAlloc (byte*,int,string)
UnityEngine.StackTraceUtility:ExtractStackTrace ()
UnityEngine.DebugLogHandler:Internal_Log (UnityEngine.LogType,UnityEngine.LogOption,string,UnityEngine.Object)
UnityEngine.DebugLogHandler:LogFormat (UnityEngine.LogType,UnityEngine.Object,string,object[])
UnityEngine.Logger:Log (UnityEngine.LogType,object)
UnityEngine.Debug:LogWarning (object)
UnityEngine.Rendering.Universal.WarnUsingNonRenderGraph:EmitConsoleWarning () (at ./Library/PackageCache/com.unity.render-pipelines.universal/Runtime/Data/UniversalRenderPipelineAsset.cs:438)
System.Reflection.RuntimeMethodInfo:Invoke (object,System.Reflection.BindingFlags,System.Reflection.Binder,object[],System.Globalization.CultureInfo)
System.Reflection.MethodBase:Invoke (object,object[])
UnityEditor.EditorAssemblies:ProcessInitializeOnLoadMethodAttributes ()

(Filename: ./Library/PackageCache/com.unity.render-pipelines.universal/Runtime/Data/UniversalRenderPipelineAsset.cs Line: 438)

Mono: successfully reloaded assembly
- Finished resetting the current domain, in  4.627 seconds
Domain Reload Profiling: 8165ms
	BeginReloadAssembly (874ms)
		ExecutionOrderSort (0ms)
		DisableScriptedObjects (52ms)
		BackupInstance (0ms)
		ReleaseScriptingObjects (1ms)
		CreateAndSetChildDomain (212ms)
	RebuildCommonClasses (174ms)
	RebuildNativeTypeToScriptingClass (58ms)
	initialDomainReloadingComplete (132ms)
	LoadAllAssembliesAndSetupDomain (2298ms)
		LoadAssemblies (1630ms)
		RebuildTransferFunctionScriptingTraits (0ms)
		AnalyzeDomain (1106ms)
			TypeCache.Refresh (45ms)
				TypeCache.ScanAssembly (6ms)
			BuildScriptInfoCaches (973ms)
			ResolveRequiredComponents (71ms)
	FinalizeReload (4630ms)
		ReleaseScriptCaches (0ms)
		RebuildScriptCaches (0ms)
		SetupLoadedEditorAssemblies (3241ms)
			LogAssemblyErrors (0ms)
			InitializePlatformSupportModulesInManaged (16ms)
			SetLoadedEditorAssemblies (34ms)
			BeforeProcessingInitializeOnLoad (353ms)
			ProcessInitializeOnLoadAttributes (1805ms)
			ProcessInitializeOnLoadMethodAttributes (1001ms)
			AfterProcessingInitializeOnLoad (30ms)
			EditorAssembliesLoaded (1ms)
		ExecutionOrderSort2 (0ms)
		AwakeInstancesAfterBackupRestoration (49ms)
Refreshing native plugins compatible for Editor in 12.48 ms, found 4 plugins.
Preloading 0 native plugins for Editor in 0.00 ms.
Unloading 15 Unused Serialized files (Serialized files now loaded: 0)
Unloading 6784 unused Assets / (5.2 MB). Loaded Objects now: 7613.
Memory consumption went from 175.5 MB to 170.3 MB.
Total: 37.304100 ms (FindLiveObjects: 1.441000 ms CreateObjectMapping: 2.435600 ms MarkObjects: 24.805800 ms  DeleteObjects: 8.618600 ms)

Prepare: number of updated asset objects reloaded= 0
========================================================================
Received Prepare
Begin MonoManager ReloadAssembly
Symbol file LoadedFromMemory is not a mono symbol file
- Loaded All Assemblies, in  1.211 seconds
Refreshing native plugins compatible for Editor in 3.12 ms, found 4 plugins.
Native extension for WindowsStandalone target not found
Native extension for WebGL target not found
The project currently uses the compatibility mode where the Render Graph API is disabled. Support for this mode will be removed in future Unity versions. Migrate existing ScriptableRenderPasses to the new RenderGraph API. After the migration, disable the compatibility mode in Edit > Projects Settings > Graphics > Render Graph.
UnityEngine.Debug:ExtractStackTraceNoAlloc (byte*,int,string)
UnityEngine.StackTraceUtility:ExtractStackTrace ()
UnityEngine.DebugLogHandler:Internal_Log (UnityEngine.LogType,UnityEngine.LogOption,string,UnityEngine.Object)
UnityEngine.DebugLogHandler:LogFormat (UnityEngine.LogType,UnityEngine.Object,string,object[])
UnityEngine.Logger:Log (UnityEngine.LogType,object)
UnityEngine.Debug:LogWarning (object)
UnityEngine.Rendering.Universal.WarnUsingNonRenderGraph:EmitConsoleWarning () (at ./Library/PackageCache/com.unity.render-pipelines.universal/Runtime/Data/UniversalRenderPipelineAsset.cs:438)
System.Reflection.RuntimeMethodInfo:Invoke (object,System.Reflection.BindingFlags,System.Reflection.Binder,object[],System.Globalization.CultureInfo)
System.Reflection.MethodBase:Invoke (object,object[])
UnityEditor.EditorAssemblies:ProcessInitializeOnLoadMethodAttributes ()

(Filename: ./Library/PackageCache/com.unity.render-pipelines.universal/Runtime/Data/UniversalRenderPipelineAsset.cs Line: 438)

Mono: successfully reloaded assembly
- Finished resetting the current domain, in  1.920 seconds
Domain Reload Profiling: 3129ms
	BeginReloadAssembly (301ms)
		ExecutionOrderSort (0ms)
		DisableScriptedObjects (21ms)
		BackupInstance (0ms)
		ReleaseScriptingObjects (0ms)
		CreateAndSetChildDomain (77ms)
	RebuildCommonClasses (64ms)
	RebuildNativeTypeToScriptingClass (16ms)
	initialDomainReloadingComplete (42ms)
	LoadAllAssembliesAndSetupDomain (786ms)
		LoadAssemblies (561ms)
		RebuildTransferFunctionScriptingTraits (0ms)
		AnalyzeDomain (361ms)
			TypeCache.Refresh (16ms)
				TypeCache.ScanAssembly (2ms)
			BuildScriptInfoCaches (311ms)
			ResolveRequiredComponents (25ms)
	FinalizeReload (1921ms)
		ReleaseScriptCaches (0ms)
		RebuildScriptCaches (0ms)
		SetupLoadedEditorAssemblies (1325ms)
			LogAssemblyErrors (0ms)
			InitializePlatformSupportModulesInManaged (6ms)
			SetLoadedEditorAssemblies (8ms)
			BeforeProcessingInitializeOnLoad (131ms)
			ProcessInitializeOnLoadAttributes (782ms)
			ProcessInitializeOnLoadMethodAttributes (388ms)
			AfterProcessingInitializeOnLoad (10ms)
			EditorAssembliesLoaded (1ms)
		ExecutionOrderSort2 (0ms)
		AwakeInstancesAfterBackupRestoration (17ms)
Refreshing native plugins compatible for Editor in 3.97 ms, found 4 plugins.
Preloading 0 native plugins for Editor in 0.00 ms.
Unloading 15 Unused Serialized files (Serialized files now loaded: 0)
Unloading 6784 unused Assets / (4.5 MB). Loaded Objects now: 7615.
Memory consumption went from 175.5 MB to 171.0 MB.
Total: 16.165000 ms (FindLiveObjects: 1.197500 ms CreateObjectMapping: 0.746000 ms MarkObjects: 9.586000 ms  DeleteObjects: 4.634100 ms)

Prepare: number of updated asset objects reloaded= 0
========================================================================
Received Import Request.
  Time since last request: 72.392938 seconds.
  path: Assets/Scripts/CFGEditor/CFGProductionListManager.cs
  artifactKey: Guid(bd472cb9e2f7ba34abf2777cbb9275aa) Importer(815301076,1909f56bfc062723c751e8b465ee728b)
Start importing Assets/Scripts/CFGEditor/CFGProductionListManager.cs using Guid(bd472cb9e2f7ba34abf2777cbb9275aa) Importer(815301076,1909f56bfc062723c751e8b465ee728b) (PreviewImporter)[PhysX] Initialized MultithreadedTaskDispatcher with 8 workers.
 -> (artifact id: 'a5656d4aed1920ca256f4d8c944480a1') in 0.0158299 seconds
Number of updated asset objects reloaded before import = 0Number of asset objects unloaded after import = 0

========================================================================
Received Import Request.
  Time since last request: 8.602067 seconds.
  path: Assets/Scripts/DiGraphEditor/Prefabs/DiGraphEdgePrefab.prefab
  artifactKey: Guid(a3d9d93cc6a27864cb840f0a22d506ea) Importer(815301076,1909f56bfc062723c751e8b465ee728b)
Start importing Assets/Scripts/DiGraphEditor/Prefabs/DiGraphEdgePrefab.prefab using Guid(a3d9d93cc6a27864cb840f0a22d506ea) Importer(815301076,1909f56bfc062723c751e8b465ee728b) (PreviewImporter)[PhysX] Initialized MultithreadedTaskDispatcher with 8 workers.
[PhysX] Initialized MultithreadedTaskDispatcher with 8 workers.
 -> (artifact id: 'de2d0bd43abe3175cfd9a2f366a55b28') in 0.7806587 seconds
Number of updated asset objects reloaded before import = 0Number of asset objects unloaded after import = 26

========================================================================
Received Import Request.
  Time since last request: 29.166577 seconds.
  path: Assets/Scripts/MainMenu/TaskList/TaskPrefabBehaviour.cs
  artifactKey: Guid(8723f566451c1e745a351502a54038d3) Importer(815301076,1909f56bfc062723c751e8b465ee728b)
Start importing Assets/Scripts/MainMenu/TaskList/TaskPrefabBehaviour.cs using Guid(8723f566451c1e745a351502a54038d3) Importer(815301076,1909f56bfc062723c751e8b465ee728b) (PreviewImporter)[PhysX] Initialized MultithreadedTaskDispatcher with 8 workers.
 -> (artifact id: '2a8e96665168708565cac97683e0b2c6') in 0.0015985 seconds
Number of updated asset objects reloaded before import = 0Number of asset objects unloaded after import = 0

========================================================================
Received Import Request.
  Time since last request: 3481.263050 seconds.
  path: Assets/TextMesh Pro/Examples & Extras/Resources/Fonts & Materials/Anton SDF.asset
  artifactKey: Guid(8a89fa14b10d46a99122fd4f73fca9a2) Importer(815301076,1909f56bfc062723c751e8b465ee728b)
Start importing Assets/TextMesh Pro/Examples & Extras/Resources/Fonts & Materials/Anton SDF.asset using Guid(8a89fa14b10d46a99122fd4f73fca9a2) Importer(815301076,1909f56bfc062723c751e8b465ee728b) (PreviewImporter)[PhysX] Initialized MultithreadedTaskDispatcher with 8 workers.
[PhysX] Initialized MultithreadedTaskDispatcher with 8 workers.
[PhysX] Initialized MultithreadedTaskDispatcher with 8 workers.
 -> (artifact id: '5bd208f82c7e248487a76883187330a8') in 0.1264027 seconds
Number of updated asset objects reloaded before import = 0Number of asset objects unloaded after import = 6

========================================================================
Received Import Request.
  Time since last request: 49.637901 seconds.
  path: Assets/Scripts/CFGEditor/New Folder
  artifactKey: Guid(c5c8242642ddea147aead5014d5671aa) Importer(815301076,1909f56bfc062723c751e8b465ee728b)
Start importing Assets/Scripts/CFGEditor/New Folder using Guid(c5c8242642ddea147aead5014d5671aa) Importer(815301076,1909f56bfc062723c751e8b465ee728b) (PreviewImporter)[PhysX] Initialized MultithreadedTaskDispatcher with 8 workers.
 -> (artifact id: '42c4d633ac6935f9fbf00945bc7a99c8') in 0.000827 seconds
Number of updated asset objects reloaded before import = 0Number of asset objects unloaded after import = 0

========================================================================
Received Import Request.
  Time since last request: 6.324098 seconds.
  path: Assets/Scripts/CFGEditor/ProductionPrefab.prefab
  artifactKey: Guid(0da133dbac23c7f459b458d33b9f7154) Importer(815301076,1909f56bfc062723c751e8b465ee728b)
Start importing Assets/Scripts/CFGEditor/ProductionPrefab.prefab using Guid(0da133dbac23c7f459b458d33b9f7154) Importer(815301076,1909f56bfc062723c751e8b465ee728b) (PreviewImporter)[PhysX] Initialized MultithreadedTaskDispatcher with 8 workers.
 -> (artifact id: 'ed260bd744a6f1e741cde4cbf3a6874d') in 0.0253548 seconds
Number of updated asset objects reloaded before import = 0Number of asset objects unloaded after import = 22

========================================================================
Received Prepare
Refreshing native plugins compatible for Editor in 3.52 ms, found 4 plugins.
Preloading 0 native plugins for Editor in 0.00 ms.
Unloading 15 Unused Serialized files (Serialized files now loaded: 0)
Unloading 6774 unused Assets / (4.3 MB). Loaded Objects now: 7782.
Memory consumption went from 180.8 MB to 176.6 MB.
Total: 13.905900 ms (FindLiveObjects: 0.857400 ms CreateObjectMapping: 0.663000 ms MarkObjects: 8.617700 ms  DeleteObjects: 3.766000 ms)

Prepare: number of updated asset objects reloaded= 0
========================================================================
Received Import Request.
  Time since last request: 28.161971 seconds.
  path: Assets/Scripts/CFGEditor/ProductionPrefab.prefab
  artifactKey: Guid(0da133dbac23c7f459b458d33b9f7154) Importer(815301076,1909f56bfc062723c751e8b465ee728b)
Start importing Assets/Scripts/CFGEditor/ProductionPrefab.prefab using Guid(0da133dbac23c7f459b458d33b9f7154) Importer(815301076,1909f56bfc062723c751e8b465ee728b) (PreviewImporter)[PhysX] Initialized MultithreadedTaskDispatcher with 8 workers.
 -> (artifact id: '68aee52c88f2b293fde3a4a5b478a2f7') in 0.0210142 seconds
Number of updated asset objects reloaded before import = 0Number of asset objects unloaded after import = 21

========================================================================
Received Prepare
Begin MonoManager ReloadAssembly
Symbol file LoadedFromMemory is not a mono symbol file
- Loaded All Assemblies, in  4.823 seconds
Refreshing native plugins compatible for Editor in 3.30 ms, found 4 plugins.
Native extension for WindowsStandalone target not found
Native extension for WebGL target not found
The project currently uses the compatibility mode where the Render Graph API is disabled. Support for this mode will be removed in future Unity versions. Migrate existing ScriptableRenderPasses to the new RenderGraph API. After the migration, disable the compatibility mode in Edit > Projects Settings > Graphics > Render Graph.
UnityEngine.Debug:ExtractStackTraceNoAlloc (byte*,int,string)
UnityEngine.StackTraceUtility:ExtractStackTrace ()
UnityEngine.DebugLogHandler:Internal_Log (UnityEngine.LogType,UnityEngine.LogOption,string,UnityEngine.Object)
UnityEngine.DebugLogHandler:LogFormat (UnityEngine.LogType,UnityEngine.Object,string,object[])
UnityEngine.Logger:Log (UnityEngine.LogType,object)
UnityEngine.Debug:LogWarning (object)
UnityEngine.Rendering.Universal.WarnUsingNonRenderGraph:EmitConsoleWarning () (at ./Library/PackageCache/com.unity.render-pipelines.universal/Runtime/Data/UniversalRenderPipelineAsset.cs:438)
System.Reflection.RuntimeMethodInfo:Invoke (object,System.Reflection.BindingFlags,System.Reflection.Binder,object[],System.Globalization.CultureInfo)
System.Reflection.MethodBase:Invoke (object,object[])
UnityEditor.EditorAssemblies:ProcessInitializeOnLoadMethodAttributes ()

(Filename: ./Library/PackageCache/com.unity.render-pipelines.universal/Runtime/Data/UniversalRenderPipelineAsset.cs Line: 438)

Mono: successfully reloaded assembly
- Finished resetting the current domain, in  1.252 seconds
Domain Reload Profiling: 6077ms
	BeginReloadAssembly (559ms)
		ExecutionOrderSort (0ms)
		DisableScriptedObjects (17ms)
		BackupInstance (0ms)
		ReleaseScriptingObjects (0ms)
		CreateAndSetChildDomain (62ms)
	RebuildCommonClasses (166ms)
	RebuildNativeTypeToScriptingClass (13ms)
	initialDomainReloadingComplete (34ms)
	LoadAllAssembliesAndSetupDomain (4053ms)
		LoadAssemblies (3679ms)
		RebuildTransferFunctionScriptingTraits (0ms)
		AnalyzeDomain (809ms)
			TypeCache.Refresh (13ms)
				TypeCache.ScanAssembly (2ms)
			BuildScriptInfoCaches (769ms)
			ResolveRequiredComponents (21ms)
	FinalizeReload (1253ms)
		ReleaseScriptCaches (0ms)
		RebuildScriptCaches (0ms)
		SetupLoadedEditorAssemblies (819ms)
			LogAssemblyErrors (0ms)
			InitializePlatformSupportModulesInManaged (4ms)
			SetLoadedEditorAssemblies (9ms)
			BeforeProcessingInitializeOnLoad (83ms)
			ProcessInitializeOnLoadAttributes (463ms)
			ProcessInitializeOnLoadMethodAttributes (255ms)
			AfterProcessingInitializeOnLoad (4ms)
			EditorAssembliesLoaded (0ms)
		ExecutionOrderSort2 (0ms)
		AwakeInstancesAfterBackupRestoration (12ms)
Refreshing native plugins compatible for Editor in 3.05 ms, found 4 plugins.
Preloading 0 native plugins for Editor in 0.00 ms.
Unloading 15 Unused Serialized files (Serialized files now loaded: 0)
Unloading 6785 unused Assets / (5.1 MB). Loaded Objects now: 7683.
Memory consumption went from 177.3 MB to 172.2 MB.
Total: 12.991700 ms (FindLiveObjects: 0.900800 ms CreateObjectMapping: 1.159900 ms MarkObjects: 7.177600 ms  DeleteObjects: 3.751900 ms)

Prepare: number of updated asset objects reloaded= 0
========================================================================
Received Prepare
Begin MonoManager ReloadAssembly
Symbol file LoadedFromMemory is not a mono symbol file
- Loaded All Assemblies, in  0.962 seconds
Refreshing native plugins compatible for Editor in 2.41 ms, found 4 plugins.
Native extension for WindowsStandalone target not found
Native extension for WebGL target not found
The project currently uses the compatibility mode where the Render Graph API is disabled. Support for this mode will be removed in future Unity versions. Migrate existing ScriptableRenderPasses to the new RenderGraph API. After the migration, disable the compatibility mode in Edit > Projects Settings > Graphics > Render Graph.
UnityEngine.Debug:ExtractStackTraceNoAlloc (byte*,int,string)
UnityEngine.StackTraceUtility:ExtractStackTrace ()
UnityEngine.DebugLogHandler:Internal_Log (UnityEngine.LogType,UnityEngine.LogOption,string,UnityEngine.Object)
UnityEngine.DebugLogHandler:LogFormat (UnityEngine.LogType,UnityEngine.Object,string,object[])
UnityEngine.Logger:Log (UnityEngine.LogType,object)
UnityEngine.Debug:LogWarning (object)
UnityEngine.Rendering.Universal.WarnUsingNonRenderGraph:EmitConsoleWarning () (at ./Library/PackageCache/com.unity.render-pipelines.universal/Runtime/Data/UniversalRenderPipelineAsset.cs:438)
System.Reflection.RuntimeMethodInfo:Invoke (object,System.Reflection.BindingFlags,System.Reflection.Binder,object[],System.Globalization.CultureInfo)
System.Reflection.MethodBase:Invoke (object,object[])
UnityEditor.EditorAssemblies:ProcessInitializeOnLoadMethodAttributes ()

(Filename: ./Library/PackageCache/com.unity.render-pipelines.universal/Runtime/Data/UniversalRenderPipelineAsset.cs Line: 438)

Mono: successfully reloaded assembly
- Finished resetting the current domain, in  0.855 seconds
Domain Reload Profiling: 1817ms
	BeginReloadAssembly (230ms)
		ExecutionOrderSort (0ms)
		DisableScriptedObjects (18ms)
		BackupInstance (0ms)
		ReleaseScriptingObjects (0ms)
		CreateAndSetChildDomain (46ms)
	RebuildCommonClasses (39ms)
	RebuildNativeTypeToScriptingClass (11ms)
	initialDomainReloadingComplete (28ms)
	LoadAllAssembliesAndSetupDomain (654ms)
		LoadAssemblies (439ms)
		RebuildTransferFunctionScriptingTraits (0ms)
		AnalyzeDomain (330ms)
			TypeCache.Refresh (9ms)
				TypeCache.ScanAssembly (0ms)
			BuildScriptInfoCaches (294ms)
			ResolveRequiredComponents (21ms)
	FinalizeReload (855ms)
		ReleaseScriptCaches (0ms)
		RebuildScriptCaches (0ms)
		SetupLoadedEditorAssemblies (566ms)
			LogAssemblyErrors (0ms)
			InitializePlatformSupportModulesInManaged (3ms)
			SetLoadedEditorAssemblies (5ms)
			BeforeProcessingInitializeOnLoad (61ms)
			ProcessInitializeOnLoadAttributes (314ms)
			ProcessInitializeOnLoadMethodAttributes (179ms)
			AfterProcessingInitializeOnLoad (4ms)
			EditorAssembliesLoaded (0ms)
		ExecutionOrderSort2 (0ms)
		AwakeInstancesAfterBackupRestoration (10ms)
Refreshing native plugins compatible for Editor in 2.48 ms, found 4 plugins.
Preloading 0 native plugins for Editor in 0.00 ms.
Unloading 15 Unused Serialized files (Serialized files now loaded: 0)
Unloading 6785 unused Assets / (4.8 MB). Loaded Objects now: 7685.
Memory consumption went from 177.2 MB to 172.3 MB.
Total: 10.228100 ms (FindLiveObjects: 0.747900 ms CreateObjectMapping: 0.740700 ms MarkObjects: 5.764900 ms  DeleteObjects: 2.973300 ms)

Prepare: number of updated asset objects reloaded= 0
========================================================================
Received Import Request.
  Time since last request: 26.507136 seconds.
  path: Assets/Scripts/CFGEditor/CFGProductionPrefabBehaviour.cs
  artifactKey: Guid(af588e4172e56774092ed5d735c786df) Importer(815301076,1909f56bfc062723c751e8b465ee728b)
Start importing Assets/Scripts/CFGEditor/CFGProductionPrefabBehaviour.cs using Guid(af588e4172e56774092ed5d735c786df) Importer(815301076,1909f56bfc062723c751e8b465ee728b) (PreviewImporter)[PhysX] Initialized MultithreadedTaskDispatcher with 8 workers.
 -> (artifact id: 'b7fec974ff05ffcb845c57af2a1813bb') in 0.0108002 seconds
Number of updated asset objects reloaded before import = 0Number of asset objects unloaded after import = 0

========================================================================
Received Import Request.
  Time since last request: 4.421287 seconds.
  path: Assets/Scripts/CFGEditor/ProductionPrefab.prefab
  artifactKey: Guid(0da133dbac23c7f459b458d33b9f7154) Importer(815301076,1909f56bfc062723c751e8b465ee728b)
Start importing Assets/Scripts/CFGEditor/ProductionPrefab.prefab using Guid(0da133dbac23c7f459b458d33b9f7154) Importer(815301076,1909f56bfc062723c751e8b465ee728b) (PreviewImporter)[PhysX] Initialized MultithreadedTaskDispatcher with 8 workers.
 -> (artifact id: '70e5f24e55473b4719d1f7c010f484ef') in 0.0514784 seconds
Number of updated asset objects reloaded before import = 0Number of asset objects unloaded after import = 22

========================================================================
Received Prepare
Begin MonoManager ReloadAssembly
Symbol file LoadedFromMemory is not a mono symbol file
- Loaded All Assemblies, in  0.702 seconds
Refreshing native plugins compatible for Editor in 2.55 ms, found 4 plugins.
Native extension for WindowsStandalone target not found
Native extension for WebGL target not found
The project currently uses the compatibility mode where the Render Graph API is disabled. Support for this mode will be removed in future Unity versions. Migrate existing ScriptableRenderPasses to the new RenderGraph API. After the migration, disable the compatibility mode in Edit > Projects Settings > Graphics > Render Graph.
UnityEngine.Debug:ExtractStackTraceNoAlloc (byte*,int,string)
UnityEngine.StackTraceUtility:ExtractStackTrace ()
UnityEngine.DebugLogHandler:Internal_Log (UnityEngine.LogType,UnityEngine.LogOption,string,UnityEngine.Object)
UnityEngine.DebugLogHandler:LogFormat (UnityEngine.LogType,UnityEngine.Object,string,object[])
UnityEngine.Logger:Log (UnityEngine.LogType,object)
UnityEngine.Debug:LogWarning (object)
UnityEngine.Rendering.Universal.WarnUsingNonRenderGraph:EmitConsoleWarning () (at ./Library/PackageCache/com.unity.render-pipelines.universal/Runtime/Data/UniversalRenderPipelineAsset.cs:438)
System.Reflection.RuntimeMethodInfo:Invoke (object,System.Reflection.BindingFlags,System.Reflection.Binder,object[],System.Globalization.CultureInfo)
System.Reflection.MethodBase:Invoke (object,object[])
UnityEditor.EditorAssemblies:ProcessInitializeOnLoadMethodAttributes ()

(Filename: ./Library/PackageCache/com.unity.render-pipelines.universal/Runtime/Data/UniversalRenderPipelineAsset.cs Line: 438)

Mono: successfully reloaded assembly
- Finished resetting the current domain, in  0.789 seconds
Domain Reload Profiling: 1492ms
	BeginReloadAssembly (181ms)
		ExecutionOrderSort (0ms)
		DisableScriptedObjects (11ms)
		BackupInstance (0ms)
		ReleaseScriptingObjects (0ms)
		CreateAndSetChildDomain (49ms)
	RebuildCommonClasses (31ms)
	RebuildNativeTypeToScriptingClass (11ms)
	initialDomainReloadingComplete (26ms)
	LoadAllAssembliesAndSetupDomain (453ms)
		LoadAssemblies (318ms)
		RebuildTransferFunctionScriptingTraits (0ms)
		AnalyzeDomain (214ms)
			TypeCache.Refresh (11ms)
				TypeCache.ScanAssembly (1ms)
			BuildScriptInfoCaches (185ms)
			ResolveRequiredComponents (13ms)
	FinalizeReload (790ms)
		ReleaseScriptCaches (0ms)
		RebuildScriptCaches (0ms)
		SetupLoadedEditorAssemblies (526ms)
			LogAssemblyErrors (0ms)
			InitializePlatformSupportModulesInManaged (3ms)
			SetLoadedEditorAssemblies (5ms)
			BeforeProcessingInitializeOnLoad (59ms)
			ProcessInitializeOnLoadAttributes (296ms)
			ProcessInitializeOnLoadMethodAttributes (158ms)
			AfterProcessingInitializeOnLoad (5ms)
			EditorAssembliesLoaded (0ms)
		ExecutionOrderSort2 (0ms)
		AwakeInstancesAfterBackupRestoration (11ms)
Refreshing native plugins compatible for Editor in 2.35 ms, found 4 plugins.
Preloading 0 native plugins for Editor in 0.00 ms.
Unloading 15 Unused Serialized files (Serialized files now loaded: 0)
Unloading 6785 unused Assets / (5.0 MB). Loaded Objects now: 7687.
Memory consumption went from 177.2 MB to 172.2 MB.
Total: 8.509600 ms (FindLiveObjects: 0.705000 ms CreateObjectMapping: 0.651000 ms MarkObjects: 4.522600 ms  DeleteObjects: 2.629600 ms)

Prepare: number of updated asset objects reloaded= 0
========================================================================
Received Prepare
Begin MonoManager ReloadAssembly
Symbol file LoadedFromMemory is not a mono symbol file
- Loaded All Assemblies, in  0.926 seconds
Refreshing native plugins compatible for Editor in 3.33 ms, found 4 plugins.
Native extension for WindowsStandalone target not found
Native extension for WebGL target not found
The project currently uses the compatibility mode where the Render Graph API is disabled. Support for this mode will be removed in future Unity versions. Migrate existing ScriptableRenderPasses to the new RenderGraph API. After the migration, disable the compatibility mode in Edit > Projects Settings > Graphics > Render Graph.
UnityEngine.Debug:ExtractStackTraceNoAlloc (byte*,int,string)
UnityEngine.StackTraceUtility:ExtractStackTrace ()
UnityEngine.DebugLogHandler:Internal_Log (UnityEngine.LogType,UnityEngine.LogOption,string,UnityEngine.Object)
UnityEngine.DebugLogHandler:LogFormat (UnityEngine.LogType,UnityEngine.Object,string,object[])
UnityEngine.Logger:Log (UnityEngine.LogType,object)
UnityEngine.Debug:LogWarning (object)
UnityEngine.Rendering.Universal.WarnUsingNonRenderGraph:EmitConsoleWarning () (at ./Library/PackageCache/com.unity.render-pipelines.universal/Runtime/Data/UniversalRenderPipelineAsset.cs:438)
System.Reflection.RuntimeMethodInfo:Invoke (object,System.Reflection.BindingFlags,System.Reflection.Binder,object[],System.Globalization.CultureInfo)
System.Reflection.MethodBase:Invoke (object,object[])
UnityEditor.EditorAssemblies:ProcessInitializeOnLoadMethodAttributes ()

(Filename: ./Library/PackageCache/com.unity.render-pipelines.universal/Runtime/Data/UniversalRenderPipelineAsset.cs Line: 438)

Mono: successfully reloaded assembly
- Finished resetting the current domain, in  1.140 seconds
Domain Reload Profiling: 2067ms
	BeginReloadAssembly (247ms)
		ExecutionOrderSort (0ms)
		DisableScriptedObjects (20ms)
		BackupInstance (0ms)
		ReleaseScriptingObjects (0ms)
		CreateAndSetChildDomain (56ms)
	RebuildCommonClasses (54ms)
	RebuildNativeTypeToScriptingClass (20ms)
	initialDomainReloadingComplete (39ms)
	LoadAllAssembliesAndSetupDomain (567ms)
		LoadAssemblies (431ms)
		RebuildTransferFunctionScriptingTraits (0ms)
		AnalyzeDomain (247ms)
			TypeCache.Refresh (15ms)
				TypeCache.ScanAssembly (2ms)
			BuildScriptInfoCaches (209ms)
			ResolveRequiredComponents (17ms)
	FinalizeReload (1141ms)
		ReleaseScriptCaches (0ms)
		RebuildScriptCaches (0ms)
		SetupLoadedEditorAssemblies (774ms)
			LogAssemblyErrors (0ms)
			InitializePlatformSupportModulesInManaged (4ms)
			SetLoadedEditorAssemblies (6ms)
			BeforeProcessingInitializeOnLoad (83ms)
			ProcessInitializeOnLoadAttributes (453ms)
			ProcessInitializeOnLoadMethodAttributes (221ms)
			AfterProcessingInitializeOnLoad (7ms)
			EditorAssembliesLoaded (0ms)
		ExecutionOrderSort2 (0ms)
		AwakeInstancesAfterBackupRestoration (14ms)
Refreshing native plugins compatible for Editor in 2.51 ms, found 4 plugins.
Preloading 0 native plugins for Editor in 0.00 ms.
Unloading 15 Unused Serialized files (Serialized files now loaded: 0)
Unloading 6785 unused Assets / (4.6 MB). Loaded Objects now: 7689.
Memory consumption went from 177.2 MB to 172.6 MB.
Total: 9.708900 ms (FindLiveObjects: 0.839800 ms CreateObjectMapping: 0.607500 ms MarkObjects: 5.074300 ms  DeleteObjects: 3.185700 ms)

Prepare: number of updated asset objects reloaded= 0
========================================================================
Received Prepare
Begin MonoManager ReloadAssembly
Symbol file LoadedFromMemory is not a mono symbol file
- Loaded All Assemblies, in  0.690 seconds
Refreshing native plugins compatible for Editor in 2.68 ms, found 4 plugins.
Native extension for WindowsStandalone target not found
Native extension for WebGL target not found
The project currently uses the compatibility mode where the Render Graph API is disabled. Support for this mode will be removed in future Unity versions. Migrate existing ScriptableRenderPasses to the new RenderGraph API. After the migration, disable the compatibility mode in Edit > Projects Settings > Graphics > Render Graph.
UnityEngine.Debug:ExtractStackTraceNoAlloc (byte*,int,string)
UnityEngine.StackTraceUtility:ExtractStackTrace ()
UnityEngine.DebugLogHandler:Internal_Log (UnityEngine.LogType,UnityEngine.LogOption,string,UnityEngine.Object)
UnityEngine.DebugLogHandler:LogFormat (UnityEngine.LogType,UnityEngine.Object,string,object[])
UnityEngine.Logger:Log (UnityEngine.LogType,object)
UnityEngine.Debug:LogWarning (object)
UnityEngine.Rendering.Universal.WarnUsingNonRenderGraph:EmitConsoleWarning () (at ./Library/PackageCache/com.unity.render-pipelines.universal/Runtime/Data/UniversalRenderPipelineAsset.cs:438)
System.Reflection.RuntimeMethodInfo:Invoke (object,System.Reflection.BindingFlags,System.Reflection.Binder,object[],System.Globalization.CultureInfo)
System.Reflection.MethodBase:Invoke (object,object[])
UnityEditor.EditorAssemblies:ProcessInitializeOnLoadMethodAttributes ()

(Filename: ./Library/PackageCache/com.unity.render-pipelines.universal/Runtime/Data/UniversalRenderPipelineAsset.cs Line: 438)

Mono: successfully reloaded assembly
- Finished resetting the current domain, in  0.864 seconds
Domain Reload Profiling: 1555ms
	BeginReloadAssembly (175ms)
		ExecutionOrderSort (0ms)
		DisableScriptedObjects (11ms)
		BackupInstance (0ms)
		ReleaseScriptingObjects (0ms)
		CreateAndSetChildDomain (42ms)
	RebuildCommonClasses (33ms)
	RebuildNativeTypeToScriptingClass (11ms)
	initialDomainReloadingComplete (29ms)
	LoadAllAssembliesAndSetupDomain (443ms)
		LoadAssemblies (314ms)
		RebuildTransferFunctionScriptingTraits (0ms)
		AnalyzeDomain (209ms)
			TypeCache.Refresh (11ms)
				TypeCache.ScanAssembly (1ms)
			BuildScriptInfoCaches (181ms)
			ResolveRequiredComponents (13ms)
	FinalizeReload (865ms)
		ReleaseScriptCaches (0ms)
		RebuildScriptCaches (0ms)
		SetupLoadedEditorAssemblies (584ms)
			LogAssemblyErrors (0ms)
			InitializePlatformSupportModulesInManaged (3ms)
			SetLoadedEditorAssemblies (5ms)
			BeforeProcessingInitializeOnLoad (65ms)
			ProcessInitializeOnLoadAttributes (324ms)
			ProcessInitializeOnLoadMethodAttributes (181ms)
			AfterProcessingInitializeOnLoad (5ms)
			EditorAssembliesLoaded (0ms)
		ExecutionOrderSort2 (0ms)
		AwakeInstancesAfterBackupRestoration (11ms)
Refreshing native plugins compatible for Editor in 2.59 ms, found 4 plugins.
Preloading 0 native plugins for Editor in 0.00 ms.
Unloading 15 Unused Serialized files (Serialized files now loaded: 0)
Unloading 6785 unused Assets / (4.7 MB). Loaded Objects now: 7691.
Memory consumption went from 177.2 MB to 172.5 MB.
Total: 9.253500 ms (FindLiveObjects: 0.714900 ms CreateObjectMapping: 0.645800 ms MarkObjects: 5.011800 ms  DeleteObjects: 2.879800 ms)

Prepare: number of updated asset objects reloaded= 0
